Time,ACC_X.raw,ACC_Y.raw,ACC_Z.raw,ACC_X.norm,ACC_Y.norm,ACC_Z.norm,GYRO_X.raw,GYRO_Y.raw,GYRO_Z.raw,GYRO_X.norm,GYRO_Y.norm,GYRO_Z.norm,Ceramic_Piezo,Film_Piezo,Weighted_Film_Piezo,Vibration_Sensor,Activity_Name ,New_Window,,,,,,
observation 1,,,,,,,,,,,,,,,,,,,,millisec diff,sec diff ,,avg sampling rate/sec ,
696,-68,-616,16964,-0.03,-0.31,10.2,63,19,31,-0.09,0,0.12,98,152,188,0,human_fall,yes,1,699,0.699,,0.406086957,
1395,-52,-632,16932,-0.03,-0.38,10.13,66,18,34,-0.03,0,0.12,91,156,191,0,human_fall,no,2,701,0.701,,SAMLING RATE ,
2096,-92,-708,16684,-0.13,-0.38,10.16,64,17,32,-0.09,0.3,-0.06,96,169,202,0,human_fall,no,3,56,0.056,,2.462526767,HZ 
2152,408,-696,16132,-0.19,-0.39,10.54,67,100,13,0.15,7.8,-1.1,102,195,229,9,human_fall,no,4,23,0.023,,,
2175,332,-296,16596,0.09,-0.32,9.98,96,86,31,3.26,4.45,0.18,136,131,319,0,human_fall,no,5,14,0.014,,,
2189,-72,-612,17000,-0.04,-0.39,10.11,10,-47,33,-2.96,-2.99,-0.12,132,219,327,1,human_fall,no,6,10,0.01,,,
2199,2844,-124,13756,-0.29,-0.34,10.64,97,-181,49,-0.4,0.79,5.49,36,352,68,173,human_fall,no,7,8,0.008,,,
2207,1376,1352,21684,-2.54,2.06,6.77,-107,-76,109,3.14,14.14,13.29,58,631,135,0,human_fall,no,8,10,0.01,,,
2217,-748,-644,16624,-1.43,1.04,8.76,-140,-65,82,30.76,22.99,9.82,59,191,61,25,human_fall,no,9,24,0.024,,,
2241,1180,-544,16560,1.14,0.09,13.09,-28,-183,-111,-24.54,-17.26,-1.1,85,201,170,441,human_fall,no,10,33,0.033,,,
2274,-16,-120,17324,-0.85,0.64,9.15,-236,-176,-3,-3.14,-2.93,-0.98,231,666,795,16,human_fall,no,11,48,0.048,,,
2322,3200,92,18872,-2.26,-1.44,8.79,-279,-80,52,-8.14,-0.86,-1.95,284,417,854,155,human_fall,no,12,14,0.014,,,
2336,204,-864,16928,-0.01,-0.39,10.15,-38,35,12,-2.47,1.22,-1.04,231,197,620,0,human_fall,no,13,701,0.701,,,
3037,-72,-680,16872,-0.04,-0.37,10.13,65,23,32,-0.03,0.3,-0.06,257,169,650,0,human_fall,no,14,699,0.699,,,
3736,-84,-576,16900,-0.04,-0.32,10.17,65,19,31,0.03,0.06,0,251,118,604,0,human_fall,no,15,701,0.701,,,
4437,12,-560,16832,-0.09,-0.39,10.1,63,17,34,0.03,-0.12,0.12,247,104,579,0,human_fall,no,16,700,0.7,,,
5137,-24,-644,16840,-0.02,-0.38,10.07,64,19,34,-0.09,0,0.18,253,116,562,0,human_fall,no,17,699,0.699,,,
5836,44,-680,16932,0.01,-0.41,10.11,66,17,33,-0.03,-0.06,0.12,228,144,576,0,human_fall,no,18,701,0.701,,,
6537,-32,-604,16912,0.02,-0.33,9.99,68,16,31,0.03,-0.06,-0.18,230,153,538,0,human_fall,no,19,699,0.699,,,
7236,60,-676,16804,-0.02,-0.37,10.12,63,16,32,-0.27,-0.12,0.06,216,159,529,0,human_fall,no,20,701,0.701,,,
7937,28,-656,16964,0.02,-0.39,10.15,64,19,33,-0.09,-0.06,0,217,168,518,0,human_fall,no,21,699,0.699,,,
8636,-40,-608,16956,-0.04,-0.35,10.1,66,19,33,-0.21,-0.12,0,213,171,496,0,human_fall,no,22,700,0.7,,,
9336,-16,-616,16828,-0.07,-0.38,10.07,62,23,32,-0.09,0.42,0.06,205,171,462,0,human_fall,no,23,700,0.7,,,
10036,-148,-564,17012,-0.04,-0.4,10.15,66,18,33,0.09,-0.06,0.06,189,170,434,0,human_fall,no,24,,,,9.34,interval sec total 
observation 2,,,,,,,,,,,,,,,,,,,,,,,,
695,32,-592,17004,0.03,-0.31,10.09,63,19,34,-0.03,-0.06,0.18,115,200,233,0,human_fall,yes,1,,,,,
1396,-20,-656,16764,-0.03,-0.37,10.1,64,15,32,-0.09,-0.12,0,128,216,267,0,human_fall,no,2,,,,,
2095,48,-592,16816,-0.01,-0.41,10.09,65,16,33,0.15,-0.06,0.18,122,210,257,0,human_fall,no,3,,,,,
2796,-32,-556,16736,-0.03,-0.35,10.07,66,22,32,0.09,0.12,0.06,160,279,382,0,human_fall,no,4,,,,,
3495,40,-600,17012,0.04,-0.33,10.16,64,16,33,-0.09,-0.06,0.06,194,327,471,0,human_fall,no,5,,,,,
4195,-148,-600,16856,-0.04,-0.34,10.1,64,19,32,-0.09,0.12,0.12,206,343,498,0,human_fall,no,6,,,,,
4896,-20,-720,17008,0,-0.41,10.15,66,21,34,0.03,0.12,0.18,207,331,487,0,human_fall,no,7,,,,,
5595,-20,-600,16808,-0.01,-0.36,10.01,70,17,34,0.03,-0.12,0.12,191,309,456,0,human_fall,no,8,,,,,
6296,4,-668,16784,0.09,-0.33,10.05,66,21,33,-0.09,0.06,0.06,186,294,412,0,human_fall,no,9,,,,,
6995,-24,-692,16876,0,-0.32,10.1,66,17,30,0.21,-0.12,-0.18,172,272,387,0,human_fall,no,10,,,,,
7695,-76,-584,16876,-0.11,-0.42,10.07,64,16,32,0.03,-0.06,0,168,250,354,0,human_fall,no,11,,,,,
8395,24,-620,16904,0,-0.36,10.08,63,17,34,0.03,-0.12,0.12,156,235,321,0,human_fall,no,12,,,,,
9095,112,-652,16824,-0.01,-0.36,10.03,64,19,33,-0.03,-0.06,0.12,146,207,284,0,human_fall,no,13,,,,,
9795,-48,-604,16976,0.02,-0.38,10.18,63,17,33,0.03,0,0,134,190,259,0,human_fall,no,14,,,,,
10495,-20,-528,16968,-0.07,-0.35,10.11,66,18,37,0.09,-0.06,0.18,134,196,249,0,human_fall,no,15,,,,,
observation 3,,,,,,,,,,,,,,,,,,,,,,,,
697,24,-636,17016,0.01,-0.38,10.18,68,19,31,0.03,0.06,0,114,168,201,0,human_fall,yes,1,,,,,
1396,0,-652,16980,-0.03,-0.35,10.17,66,19,30,-0.03,-0.12,-0.12,111,168,205,0,human_fall,no,2,,,,,
2096,-16,-684,16752,0,-0.4,10.07,61,21,32,-0.21,0.18,-0.06,114,173,209,0,human_fall,no,3,,,,,
2796,60,-664,16892,0,-0.4,10.2,64,19,35,0.03,-0.06,0,139,200,282,0,human_fall,no,4,,,,,
3496,-124,-584,16996,-0.03,-0.36,10.06,66,17,31,-0.03,-0.06,-0.06,147,223,328,0,human_fall,no,5,,,,,
4196,-40,-660,16960,0.02,-0.39,10.14,65,20,32,0.03,0.06,0,154,235,327,0,human_fall,no,6,,,,,
4896,-68,-548,16988,-0.03,-0.42,10.13,66,20,30,0.03,0.18,0.06,153,235,334,0,human_fall,no,7,,,,,
5595,-64,-696,17000,-0.04,-0.42,10.17,66,19,33,0.03,-0.19,0,152,232,327,0,human_fall,no,8,,,,,
6296,-36,-604,16964,0.01,-0.34,10.08,68,21,33,0.09,0,0.12,148,238,313,0,human_fall,no,9,,,,,
6995,-124,-684,17064,-0.07,-0.35,10.19,64,17,33,-0.03,-0.12,0,144,221,283,0,human_fall,no,10,,,,,
7696,80,-528,17028,0.04,-0.37,10.12,67,21,33,-0.03,0.06,-0.06,136,209,267,0,human_fall,no,11,,,,,
8396,16,-588,16892,0.05,-0.37,10.18,65,21,34,-0.09,0.06,-0.06,136,206,261,0,human_fall,no,12,,,,,
9095,40,-584,16844,0.06,-0.34,10.08,70,16,34,0.15,-0.25,0.06,132,201,247,0,human_fall,no,13,,,,,
9796,-4,-584,16808,-0.02,-0.37,10.08,64,18,33,-0.09,-0.12,0.18,131,201,236,0,human_fall,no,14,,,,,
10495,40,-636,16944,0,-0.31,10.12,67,17,32,0.03,-0.25,-0.06,121,189,220,0,human_fall,no,15,,,,,
observation 4,,,,,,,,,,,,,,,,,,,,,,,,
696,-44,-576,16804,0.01,-0.28,10.15,63,18,35,0.04,0.08,0.15,122,146,174,0,human_fall,yes,1,,,,,
1396,36,-592,16972,0.05,-0.35,10.15,63,19,32,-0.15,0.02,0.03,110,146,176,0,human_fall,no,2,,,,,
2096,-60,-612,16772,-0.03,-0.35,10.05,67,23,32,-0.02,0.08,0.09,110,146,178,0,human_fall,no,3,,,,,
2796,-108,-560,16856,-0.06,-0.33,10.08,65,21,32,0.1,0.08,0.09,111,147,174,0,human_fall,no,4,,,,,
3495,-20,-572,16876,0,-0.37,10.15,65,18,30,-0.02,0.02,-0.16,182,378,472,0,human_fall,no,5,,,,,
4196,44,-628,16820,0.04,-0.39,10.13,65,16,37,-0.09,-0.04,0.15,213,437,540,0,human_fall,no,6,,,,,
4896,-88,-624,16920,-0.03,-0.36,10.09,65,22,34,-0.09,0.15,0.09,216,470,551,0,human_fall,no,7,,,,,
5596,-120,-684,16956,-0.03,-0.37,10.17,65,20,32,-0.15,-0.04,0.15,210,461,537,0,human_fall,no,8,,,,,
6296,64,-540,16832,-0.01,-0.33,10.1,65,21,31,0.04,0.02,-0.1,199,428,517,0,human_fall,no,9,,,,,
6995,-20,-636,16928,-0.04,-0.34,10.18,66,18,33,0.1,0.02,0.03,198,410,515,0,human_fall,no,10,,,,,
7696,-64,-680,16896,0.05,-0.39,10.03,63,19,33,-0.09,-0.04,0.03,198,374,492,0,human_fall,no,11,,,,,
8395,-52,-640,16832,-0.05,-0.33,10.04,66,18,29,0.04,0.02,-0.22,193,343,472,0,human_fall,no,12,,,,,
9096,24,-564,17000,0.01,-0.37,10.15,65,22,35,0.04,0.02,-0.04,199,320,450,0,human_fall,no,13,,,,,
9795,24,-720,16940,0.03,-0.35,10.06,65,18,29,-0.09,0.02,-0.04,188,300,423,0,human_fall,no,14,,,,,
10496,12,-604,16936,-0.03,-0.32,10.11,68,21,32,-0.02,0.08,-0.22,181,283,401,0,human_fall,no,15,,,,,
observation 5,,,,,,,,,,,,,,,,,,,,,,,,
695,-104,-624,16876,-0.07,-0.39,10.11,67,19,35,-0.09,0.21,0.03,142,203,288,0,human_fall,yes,1,,,,,
1396,-28,-612,16880,-0.07,-0.34,10.13,66,20,34,0.04,-0.04,0.03,153,226,333,0,human_fall,no,2,,,,,
2095,-104,-636,16920,-0.06,-0.37,10.12,66,19,32,0.04,-0.04,0.09,159,222,337,0,human_fall,no,3,,,,,
2796,-124,-584,16860,0,-0.38,10.07,64,22,33,0.1,0.27,-0.04,154,216,317,0,human_fall,no,4,,,,,
3496,-20,-692,16872,-0.02,-0.39,10.06,61,22,33,-0.27,0.02,-0.1,153,213,306,0,human_fall,no,5,,,,,
4195,0,-632,16928,-0.01,-0.33,10.07,65,20,31,-0.09,-0.1,-0.04,230,341,538,0,human_fall,no,6,,,,,
4896,32,-636,16940,0.03,-0.39,10.04,67,19,30,-0.09,-0.1,-0.1,226,362,551,0,human_fall,no,7,,,,,
5595,-72,-500,16800,-0.02,-0.33,10.07,63,16,30,-0.09,-0.1,0.15,226,357,520,0,human_fall,no,8,,,,,
6296,-16,-668,16768,-0.03,-0.38,10.05,64,16,34,-0.21,-0.04,-0.04,223,346,495,0,human_fall,no,9,,,,,
6995,-36,-616,16820,-0.03,-0.37,10.08,64,18,32,-0.02,-0.04,0.03,208,339,477,0,human_fall,no,10,,,,,
7695,-36,-676,16832,0,-0.32,10.11,66,19,31,0.1,0.02,0.09,213,323,447,0,human_fall,no,11,,,,,
8395,-80,-708,16940,-0.06,-0.39,10.1,64,20,35,-0.09,-0.04,0.03,195,302,415,0,human_fall,no,12,,,,,
9095,-120,-544,16896,-0.01,-0.36,10.15,66,19,32,0.04,-0.1,0.03,188,286,384,0,human_fall,no,13,,,,,
9796,-16,-720,16820,-0.03,-0.4,10,63,22,33,0.1,0.08,0.03,177,266,355,0,human_fall,no,14,,,,,
10495,-4,-624,16820,-0.01,-0.37,10.12,66,20,34,0.16,-0.04,0.15,169,252,329,0,human_fall,no,15,,,,,
observation 6,,,,,,,,,,,,,,,,,,,,,,,,
696,-24,-648,16872,-0.02,-0.37,10.16,62,20,33,-0.21,-0.04,0.03,119,144,182,0,human_fall,yes,1,,,,,
1396,20,-676,16784,0,-0.39,10.04,67,20,34,0.16,0.08,0.03,119,145,186,0,human_fall,no,2,,,,,
2095,-56,-608,16892,0,-0.35,10.05,64,17,29,-0.09,-0.1,-0.16,119,149,196,0,human_fall,no,3,,,,,
2796,-44,-612,16852,0.01,-0.36,10.11,66,15,32,-0.09,-0.1,0.03,128,157,210,0,human_fall,no,4,,,,,
3328,68,-644,16928,0.06,-0.44,10.05,70,38,36,0.1,1.61,-0.04,128,158,215,5,human_fall,no,5,,,,,
4029,20,-600,16896,0.03,-0.33,10.06,66,18,31,0.16,-0.1,0.03,126,165,225,0,human_fall,no,6,,,,,
4728,-12,-608,16964,-0.01,-0.35,10.05,66,18,31,0.1,0.02,-0.16,209,332,493,0,human_fall,no,7,,,,,
5429,-124,-612,16876,-0.02,-0.35,10.14,67,20,33,0.22,0.02,0.03,223,361,501,0,human_fall,no,8,,,,,
6128,96,-528,16852,0.03,-0.35,10.06,66,20,34,0.04,0.15,0.03,217,358,480,0,human_fall,no,9,,,,,
6828,12,-660,16940,-0.11,-0.39,10.12,65,18,32,-0.02,-0.1,-0.04,214,341,453,0,human_fall,no,10,,,,,
7528,4,-500,16864,0.02,-0.35,10.04,65,19,30,0.16,0.02,-0.04,203,328,422,0,human_fall,no,11,,,,,
8228,24,-548,16888,-0.01,-0.36,10.06,66,19,31,0.1,0.08,-0.04,195,318,406,0,human_fall,no,12,,,,,
8928,36,-644,16860,-0.06,-0.39,10.04,66,19,33,0.04,0.08,0.15,189,292,387,0,human_fall,no,13,,,,,
9628,12,-692,16828,-0.01,-0.38,10.15,65,18,31,-0.09,-0.04,0.03,186,269,366,0,human_fall,no,14,,,,,
10327,40,-592,16880,0.04,-0.37,10.1,66,18,32,0.04,-0.16,0.03,180,246,343,0,human_fall,no,15,,,,,
observation 7,,,,,,,,,,,,,,,,,,,,,,,,
695,-76,-604,16836,-0.04,-0.32,10.07,63,21,33,-0.02,0.02,0.03,111,158,200,0,human_fall,yes,1,,,,,
1396,-80,-608,16812,-0.08,-0.36,10.13,63,20,34,-0.09,-0.1,0.09,113,164,205,0,human_fall,no,2,,,,,
2095,44,-664,16896,0.15,-0.47,9.96,72,31,32,0.34,1.43,0.03,113,175,212,0,human_fall,no,3,,,,,
2795,-24,-560,16896,-0.04,-0.34,10.17,66,21,34,0.16,0.08,0.03,135,191,243,0,human_fall,no,4,,,,,
3495,-16,-620,16880,0.01,-0.38,10.04,67,20,32,0.1,0.08,-0.04,221,352,526,0,human_fall,no,5,,,,,
4195,-92,-628,16876,-0.01,-0.36,10.12,64,18,32,-0.15,-0.04,-0.04,230,376,555,0,human_fall,no,6,,,,,
4895,-108,-728,16864,-0.08,-0.44,10.04,64,16,34,-0.09,-0.16,-0.04,215,405,560,0,human_fall,no,7,,,,,
5595,-92,-500,16896,-0.04,-0.32,10.04,63,19,33,-0.15,-0.1,-0.16,211,406,531,0,human_fall,no,8,,,,,
6295,-72,-588,16724,0,-0.37,10.1,66,19,31,-0.02,-0.1,-0.22,212,421,530,0,human_fall,no,9,,,,,
6995,-8,-668,16932,0,-0.37,10.12,61,19,32,-0.09,0.08,0.03,217,408,512,0,human_fall,no,10,,,,,
7695,-40,-544,16840,0.02,-0.37,10.03,64,18,33,-0.09,0.08,-0.1,198,393,483,0,human_fall,no,11,,,,,
8395,12,-652,16744,-0.05,-0.34,10.09,62,21,32,-0.21,0.02,0.09,194,359,453,0,human_fall,no,12,,,,,
9095,-28,-648,16904,-0.08,-0.4,10.13,61,18,34,-0.21,0.21,0.09,190,341,423,0,human_fall,no,13,,,,,
9794,-12,-608,16764,-0.01,-0.34,10.06,69,18,34,0.04,-0.16,0.09,187,348,423,0,human_fall,no,14,,,,,
10495,-8,-548,17044,-0.06,-0.35,10.14,67,19,32,-0.02,-0.04,0.03,188,336,421,0,human_fall,no,15,,,,,
observation 8,,,,,,,,,,,,,,,,,,,,,,,,
696,-48,-576,16824,-0.07,-0.34,10.1,66,19,30,0.1,0.08,-0.28,128,152,222,0,human_fall,yes,1,,,,,
1396,32,-660,17044,0.02,-0.38,10.22,66,17,34,-0.09,-0.1,0.03,124,154,214,0,human_fall,no,2,,,,,
2096,20,-592,16836,0.02,-0.39,10.15,68,22,32,-0.02,-0.04,-0.04,119,153,209,0,human_fall,no,3,,,,,
2796,-12,-652,16848,0,-0.36,10.07,68,16,34,0.04,-0.1,0.21,117,150,200,0,human_fall,no,4,,,,,
3346,208,-624,16044,0.99,-0.48,6.42,66,62,36,-0.02,1.49,-0.04,117,147,195,43,human_fall,no,5,,,,,
3355,1492,-680,8116,-1.34,0.06,12.32,61,-8,36,-0.21,-1.62,0.39,113,151,192,7,human_fall,no,6,,,,,
4055,-44,-644,16984,-0.03,-0.38,10.04,66,17,33,-0.09,-0.1,-0.04,111,139,182,0,human_fall,no,7,,,,,
4755,-36,-660,16856,-0.03,-0.33,9.99,65,21,35,0.04,0.02,-0.04,202,291,456,0,human_fall,no,8,,,,,
5454,-108,-584,17012,-0.02,-0.38,10.11,61,20,33,0.16,0.02,0.09,208,336,496,0,human_fall,no,9,,,,,
6155,-128,-660,16968,-0.02,-0.36,10.11,67,21,32,-0.02,0.02,-0.04,211,325,488,0,human_fall,no,10,,,,,
6854,40,-596,16944,0.03,-0.37,10.08,66,20,30,-0.09,0.21,-0.04,204,294,457,0,human_fall,no,11,,,,,
7555,64,-532,16988,0.04,-0.32,10.16,63,19,33,-0.21,0.02,0.09,192,280,424,0,human_fall,no,12,,,,,
8254,16,-616,16816,-0.06,-0.46,10.09,64,17,34,-0.02,-0.1,-0.1,191,266,399,0,human_fall,no,13,,,,,
8954,-60,-640,16732,0.04,-0.34,10.07,65,16,36,-0.09,0.02,0.09,178,251,370,0,human_fall,no,14,,,,,
9655,-100,-672,16872,0,-0.33,10.13,65,19,32,0.1,0.15,0.03,170,226,325,0,human_fall,no,15,,,,,
10354,68,-668,16996,-0.08,-0.32,10.14,66,17,33,-0.02,0.08,0.15,164,204,287,0,human_fall,no,,,,,,
observation 9,,,,,,,,,,,,,,,,,,,,,,,,
696,92,-708,16856,0.01,-0.41,10.07,65,18,34,-0.08,0.13,0,140,171,207,0,human_fall,yes,1,,,,,
1396,-64,-604,16800,-0.05,-0.42,10.01,68,19,32,0.05,-0.11,-0.06,129,167,214,0,human_fall,no,2,,,,,
2096,-112,-508,16736,-0.01,-0.36,10.09,65,18,35,0.23,-0.11,0,128,159,198,0,human_fall,no,3,,,,,
2795,-16,-572,16992,-0.02,-0.33,10.19,66,17,32,0.17,-0.05,-0.12,171,193,328,0,human_fall,no,4,,,,,
3496,-92,-576,16940,0.01,-0.33,10.08,65,20,31,-0.08,0.07,-0.18,222,304,512,0,human_fall,no,5,,,,,
4195,-60,-520,16824,0.05,-0.39,10.15,64,21,33,-0.08,-0.05,0,228,322,499,0,human_fall,no,6,,,,,
4896,56,-588,16956,0.04,-0.37,10.09,65,18,33,-0.02,0.07,-0.18,228,332,471,0,human_fall,no,7,,,,,
5596,12,-568,16888,0.02,-0.36,10.18,64,23,32,-0.08,0.13,-0.06,222,327,455,0,human_fall,no,8,,,,,
6296,-84,-596,16776,0.01,-0.33,10.02,63,18,33,0.05,0.01,0.06,212,312,428,0,human_fall,no,9,,,,,
6996,-8,-640,16904,0.01,-0.41,10.04,65,19,33,0.05,-0.11,-0.06,204,291,399,0,human_fall,no,10,,,,,
7695,64,-572,16896,0.07,-0.38,9.97,65,19,31,-0.14,0.01,0,188,270,354,0,human_fall,no,11,,,,,
8396,72,-672,16884,0,-0.32,10.11,66,22,31,0.05,0.13,-0.3,180,250,320,0,human_fall,no,12,,,,,
9095,40,-608,16952,0,-0.36,10.12,65,16,35,-0.02,-0.05,0.06,171,223,293,0,human_fall,no,13,,,,,
9796,-44,-596,16984,-0.02,-0.36,10.16,64,16,31,-0.08,-0.11,-0.18,159,200,257,0,human_fall,no,14,,,,,
10495,-56,-604,16756,-0.05,-0.38,10.06,64,17,32,0.11,-0.05,0.06,153,190,233,0,human_fall,no,15,,,,,
observation 10,,,,,,,,,,,,,,,,,,,,,,,,
695,-28,-592,16856,-0.03,-0.32,10.08,69,21,32,0.11,0.13,-0.06,110,144,158,0,human_fall,yes,1,,,,,
1396,-8,-556,16996,-0.06,-0.35,10.18,61,19,34,-0.2,-0.17,0,112,146,166,0,human_fall,no,2,,,,,
2096,48,-560,16820,-0.02,-0.37,10.08,65,19,30,0.17,0.01,-0.06,114,153,173,0,human_fall,no,3,,,,,
2796,-68,-672,16784,-0.04,-0.34,10.08,64,21,30,-0.02,-0.11,-0.3,119,169,194,0,human_fall,no,4,,,,,
3496,0,-640,16908,-0.01,-0.38,10.13,66,21,32,-0.02,0.07,-0.06,196,251,429,0,human_fall,no,5,,,,,
4195,-88,-660,16900,-0.03,-0.38,10.16,63,20,32,-0.08,-0.05,0.06,208,276,460,0,human_fall,no,6,,,,,
4896,-24,-580,16812,-0.03,-0.36,10.08,66,18,33,-0.02,-0.11,-0.06,204,284,446,0,human_fall,no,7,,,,,
5595,-104,-588,16744,0,-0.35,10.03,68,18,32,0.05,-0.05,-0.06,197,284,417,0,human_fall,no,8,,,,,
6296,60,-636,16832,-0.03,-0.36,10.15,65,20,31,0.05,0.01,0,202,271,388,0,human_fall,no,9,,,,,
6995,-60,-600,16900,-0.01,-0.33,10.1,67,21,33,-0.02,0.07,-0.06,192,259,360,0,human_fall,no,10,,,,,
7695,4,-672,16988,0.01,-0.37,10.18,66,20,33,0.11,0.07,-0.06,181,241,326,0,human_fall,no,11,,,,,
8395,-48,-708,16864,-0.03,-0.38,10.08,64,16,30,-0.08,-0.05,0.19,172,235,300,0,human_fall,no,12,,,,,
9095,12,-616,16912,-0.01,-0.38,10.08,65,19,34,-0.02,-0.05,0.19,163,227,269,0,human_fall,no,13,,,,,
9796,-32,-652,16928,0,-0.37,10.09,65,17,32,-0.08,0.01,-0.24,159,214,246,0,human_fall,no,14,,,,,
10495,12,-564,16856,0.02,-0.28,10.13,66,22,32,0.05,0.19,-0.18,152,194,222,0,human_fall,no,15,,,,,
observation 11,,,,,,,,,,,,,,,,,,,,,,,,
696,-12,-612,16808,0.06,-0.35,10.05,68,19,32,0.05,0.07,0.19,129,151,203,0,human_fall,yes,1,,,,,
1396,-8,-576,16904,-0.02,-0.41,10.12,67,19,34,0.05,0.07,0,135,160,232,0,human_fall,no,2,,,,,
2096,-88,-664,17028,-0.03,-0.36,10.22,65,17,36,0.11,-0.05,0.19,136,170,236,0,human_fall,no,3,,,,,
2796,-12,-536,16832,0.01,-0.31,10.03,65,19,31,-0.02,0.07,-0.06,138,175,249,0,human_fall,no,4,,,,,
3495,-44,-624,16900,0.01,-0.38,10.08,65,21,33,-0.02,-0.05,0.13,226,279,504,0,human_fall,no,5,,,,,
4196,-92,-608,16724,0.01,-0.33,10.18,63,19,32,-0.08,-0.05,0.06,240,319,539,0,human_fall,no,6,,,,,
4895,32,-592,16904,0.02,-0.35,10.09,66,20,34,0.05,0.13,0.13,228,368,543,0,human_fall,no,7,,,,,
5596,64,-604,16972,0.04,-0.36,10.15,66,19,33,0.11,0.01,0.13,223,351,512,0,human_fall,no,8,,,,,
6295,-64,-528,16728,-0.04,-0.39,10.05,68,17,31,0.05,-0.11,-0.06,224,334,482,0,human_fall,no,9,,,,,
6995,-80,-680,16896,-0.02,-0.36,10.08,67,18,33,-0.08,-0.05,-0.06,210,307,459,0,human_fall,no,10,,,,,
7695,-72,-576,16972,-0.02,-0.35,10.11,66,20,34,0.11,-0.05,0,213,292,446,0,human_fall,no,11,,,,,
8395,-88,-632,16964,-0.08,-0.32,10.17,66,20,34,-0.08,0.01,0,197,280,426,0,human_fall,no,12,,,,,
9096,104,-604,16980,0.08,-0.38,10.2,64,16,33,-0.14,-0.17,0.06,202,272,399,0,human_fall,no,13,,,,,
9795,32,-724,16916,0.02,-0.39,10.1,60,20,33,-0.08,0.01,0,185,268,372,0,human_fall,no,14,,,,,
10495,0,-632,16876,-0.04,-0.38,10.05,65,19,33,-0.08,-0.05,-0.06,178,258,340,0,human_fall,no,15,,,,,
observation 12,,,,,,,,,,,,,,,,,,,,,,,,
696,84,-668,16840,0.03,-0.36,10.04,63,19,29,-0.14,-0.05,-0.06,143,206,275,0,human_fall,yes,1,,,,,
1397,-28,-660,16904,0.01,-0.4,10.14,63,17,31,0.05,-0.17,0,148,219,302,0,human_fall,no,2,,,,,
2096,-8,-648,17000,-0.04,-0.37,10.15,66,19,32,0.05,0.01,-0.12,152,210,301,0,human_fall,no,3,,,,,
2796,-80,-592,16808,0.04,-0.37,10.08,68,12,30,0.11,-0.48,0,148,198,298,0,human_fall,no,4,,,,,
3496,8,-636,16804,-0.03,-0.3,10.12,64,19,34,-0.02,0.01,0,196,221,432,0,human_fall,no,5,,,,,
4196,-60,-640,16940,0.01,-0.39,10.18,67,18,32,-0.02,-0.11,-0.06,247,323,594,0,human_fall,no,6,,,,,
4896,32,-544,17048,0.01,-0.35,10.12,67,23,31,0.17,0.01,-0.18,248,341,577,0,human_fall,no,7,,,,,
5596,4,-644,17120,-0.01,-0.4,10.14,64,19,31,0.05,-0.11,0.13,236,336,555,0,human_fall,no,8,,,,,
6295,36,-600,16948,0,-0.31,10.12,64,20,33,0.17,0.07,-0.06,228,318,507,0,human_fall,no,9,,,,,
6996,-40,-528,16868,0,-0.31,10.08,65,19,32,0.05,0.01,-0.12,219,292,445,0,human_fall,no,10,,,,,
7695,68,-692,16864,0.01,-0.42,10.05,66,17,32,-0.08,-0.05,0.06,198,282,411,0,human_fall,no,11,,,,,
8396,0,-620,16932,-0.02,-0.37,10.21,66,18,32,0.11,-0.17,-0.06,185,258,376,0,human_fall,no,12,,,,,
9095,20,-628,16972,-0.01,-0.44,10.06,64,23,32,-0.26,0.13,-0.18,180,236,333,0,human_fall,no,13,,,,,
9795,-124,-636,16896,-0.03,-0.33,10.22,66,21,32,-0.08,0.07,-0.12,164,227,303,0,human_fall,no,14,,,,,
10495,-24,-584,17108,-0.02,-0.41,10.1,66,17,30,-0.08,0.01,0,160,218,289,0,human_fall,no,15,,,,,
observation 13,,,,,,,,,,,,,,,,,,,,,,,,
697,-16,-632,16848,-0.06,-0.35,10.13,66,17,32,-0.02,0.01,-0.06,125,156,202,0,human_fall,yes,1,,,,,
1397,144,-640,16772,-0.02,-0.39,10.19,64,19,35,-0.2,-0.05,0,119,156,202,0,human_fall,no,2,,,,,
2096,-48,-576,16968,-0.06,-0.37,10.12,66,18,34,-0.14,0.01,0,118,152,190,0,human_fall,no,3,,,,,
2797,120,-604,16900,-0.01,-0.35,10.07,64,16,31,-0.08,-0.17,-0.12,121,163,203,0,human_fall,no,4,,,,,
3496,-140,-648,16972,-0.08,-0.39,10.11,63,18,33,-0.08,0.01,0,120,161,202,0,human_fall,no,5,,,,,
4197,-52,-640,16992,0,-0.39,10.09,63,18,34,-0.2,-0.11,0.06,118,158,196,0,human_fall,no,6,,,,,
4896,12,-720,16804,0.03,-0.37,10.1,66,18,34,0.17,-0.05,0,118,162,206,0,human_fall,no,7,,,,,
5597,-136,-592,16956,-0.06,-0.33,10.15,64,20,34,-0.08,0.13,0,118,161,199,0,human_fall,no,8,,,,,
6296,4,-628,16880,-0.04,-0.38,10.06,63,18,33,-0.02,0.07,0.06,113,158,193,0,human_fall,no,9,,,,,
6996,-16,-560,16912,-0.02,-0.34,10.1,66,23,34,0.11,0.07,0,121,162,213,0,human_fall,no,10,,,,,
7696,-80,-584,16912,-0.07,-0.37,10.16,64,20,34,0.05,-0.11,-0.18,142,184,276,0,human_fall,no,11,,,,,
8396,-44,-644,16796,-0.01,-0.39,10.04,64,20,34,0.05,0.13,0,148,189,288,0,human_fall,no,12,,,,,
9097,-116,-664,16836,-0.07,-0.4,10.07,65,20,33,0.05,0.07,0,150,187,282,0,human_fall,no,13,,,,,
9796,24,-548,16896,0.02,-0.35,10.18,67,18,34,0.11,-0.05,0.13,144,182,266,0,human_fall,no,14,,,,,
10496,36,-484,16996,0.03,-0.37,10.09,68,19,34,-0.08,-0.11,0.06,141,174,251,0,human_fall,no,15,,,,,
observation 14,,,,,,,,,,,,,,,,,,,,,,,,
696,-64,-592,16896,-0.03,-0.35,10.08,63,21,32,0.07,0.18,0.02,112,151,156,0,human_fall,yes,1,,,,,
1396,-64,-660,16852,0,-0.38,10.13,66,17,34,0.07,-0.07,0.02,109,145,152,0,human_fall,no,2,,,,,
2096,-64,-548,16888,-0.02,-0.37,10.15,63,18,29,-0.11,-0.01,0.02,110,151,154,0,human_fall,no,3,,,,,
2796,96,-616,16820,-0.03,-0.43,10.3,65,9,31,0.19,-0.13,0.02,116,160,175,0,human_fall,no,4,,,,,
3496,-60,-516,16876,-0.04,-0.36,10.08,66,15,34,0.01,-0.01,-0.04,117,164,181,0,human_fall,no,5,,,,,
4196,104,-640,16744,0,-0.34,10.06,64,20,31,0.07,-0.01,0.02,142,190,254,0,human_fall,no,6,,,,,
4896,84,-796,16896,0,-0.41,10.2,64,18,33,-0.18,-0.13,0.02,153,210,281,0,human_fall,no,7,,,,,
5596,-88,-652,16884,-0.01,-0.38,10.1,66,19,31,-0.05,-0.01,-0.1,152,219,280,0,human_fall,no,8,,,,,
6295,-136,-596,16924,0.01,-0.34,10.15,66,18,32,0.01,-0.07,-0.16,153,212,275,0,human_fall,no,9,,,,,
6996,108,-640,16764,0.01,-0.39,10.05,66,22,31,0.19,0.36,0.08,153,208,271,0,human_fall,no,10,,,,,
7695,40,-700,16924,-0.04,-0.41,10.12,66,21,34,0.01,0.11,0.14,147,210,259,0,human_fall,no,11,,,,,
8396,12,-688,17020,0.01,-0.41,10.18,64,17,33,-0.05,-0.07,-0.04,145,203,243,0,human_fall,no,12,,,,,
9095,4,-580,16684,-0.01,-0.41,9.98,65,18,31,0.01,0.11,-0.1,136,186,223,0,human_fall,no,13,,,,,
9795,-16,-608,16948,-0.01,-0.39,10.12,66,16,32,-0.18,-0.13,-0.1,131,182,200,0,human_fall,no,14,,,,,
10495,-80,-608,16876,-0.07,-0.38,10.21,64,20,31,0.01,-0.01,-0.23,126,170,183,0,human_fall,no,15,,,,,
observation 15,,,,,,,,,,,,,,,,,,,,,,,,
697,-60,-588,16908,-0.02,-0.38,10.05,65,22,30,0.07,0.18,-0.1,141,188,249,0,human_fall,yes,1,,,,,
1397,-64,-712,17052,0.01,-0.38,10.12,69,19,33,0.19,0.18,-0.1,137,183,242,0,human_fall,no,2,,,,,
2097,84,-616,16912,0,-0.33,10.09,66,17,30,0.01,-0.19,-0.04,139,186,247,0,human_fall,no,3,,,,,
2797,-16,-688,16852,-0.01,-0.36,10.01,67,16,34,0.13,0.11,-0.04,174,213,339,0,human_fall,no,4,,,,,
3496,12,-716,16856,0,-0.36,10.15,64,23,34,0.07,0.05,-0.1,213,281,459,0,human_fall,no,5,,,,,
4197,60,-628,16852,0.02,-0.36,10.08,66,18,31,0.13,0.18,-0.04,216,313,496,0,human_fall,no,6,,,,,
4896,4,-488,16824,0,-0.39,10.12,62,18,35,-0.11,-0.13,0.08,217,342,509,0,human_fall,no,7,,,,,
5597,-32,-732,16912,-0.04,-0.4,10.13,65,17,34,-0.11,-0.07,0.26,222,357,500,0,human_fall,no,8,,,,,
6296,44,-620,16840,-0.03,-0.37,10.17,65,17,31,0.01,-0.07,-0.04,227,366,507,0,human_fall,no,9,,,,,
6996,64,-632,16928,-0.01,-0.37,10.14,65,20,34,0.01,-0.07,0.08,219,359,491,0,human_fall,no,10,,,,,
7696,-36,-596,16916,0,-0.38,10.15,66,18,35,-0.05,0.11,0.08,216,341,463,0,human_fall,no,11,,,,,
8396,-84,-628,16900,-0.03,-0.36,10.12,67,20,28,0.19,-0.01,-0.23,207,326,442,0,human_fall,no,12,,,,,
9096,-32,-608,16848,-0.04,-0.37,10.1,68,20,29,0.07,0.18,-0.16,198,301,413,0,human_fall,no,13,,,,,
9796,-148,-652,16900,0,-0.38,10,67,21,32,0.01,-0.07,0.08,191,268,386,0,human_fall,no,14,,,,,
10495,72,-576,16848,-0.02,-0.37,10.09,63,21,31,-0.05,-0.01,0.02,187,255,359,0,human_fall,no,15,,,,,
observation 16,,,,,,,,,,,,,,,,,,,,,,,,
697,52,-652,16804,-0.01,-0.36,10.12,65,19,34,0.13,-0.01,-0.04,133,165,222,0,human_fall,yes,1,,,,,
1396,-88,-612,16920,-0.04,-0.35,10.17,66,17,33,0.07,0.05,0.08,135,188,244,0,human_fall,no,2,,,,,
2096,-36,-668,16988,-0.01,-0.33,10.14,66,20,35,-0.05,0.11,0.02,134,194,252,0,human_fall,no,3,,,,,
2796,-52,-608,16872,0,-0.34,10.15,65,19,32,0.01,0.05,0.08,133,192,243,0,human_fall,no,4,,,,,
3496,-84,-524,16940,-0.08,-0.41,10.11,64,19,32,0.07,-0.07,-0.23,130,197,239,0,human_fall,no,5,,,,,
4196,-28,-672,16940,-0.05,-0.38,10.21,66,18,34,0.01,-0.07,0.14,138,212,260,0,human_fall,no,6,,,,,
4896,-44,-656,16796,-0.04,-0.39,10.1,66,18,31,0.01,-0.01,0.02,142,221,272,0,human_fall,no,7,,,,,
5595,-68,-628,17020,0,-0.34,10.19,66,17,32,0.13,-0.01,-0.16,143,226,282,0,human_fall,no,8,,,,,
6296,-68,-592,16768,-0.03,-0.43,10.08,67,20,35,0.07,0.11,0.02,151,223,291,0,human_fall,no,9,,,,,
6995,-8,-584,16984,-0.03,-0.36,10.09,67,18,35,0.13,-0.13,-0.1,152,220,290,0,human_fall,no,10,,,,,
7696,-28,-708,17000,-0.02,-0.34,9.96,63,17,35,-0.11,-0.01,0.08,151,220,284,0,human_fall,no,11,,,,,
8396,-84,-596,16816,0.03,-0.35,10.13,64,18,35,0.13,-0.07,0.02,146,220,269,0,human_fall,no,12,,,,,
9095,-68,-636,16896,-0.03,-0.34,10.12,65,19,30,0.13,0.05,0.02,143,217,250,0,human_fall,no,13,,,,,
9796,52,-572,16828,-0.03,-0.38,10.1,64,20,32,0.01,-0.01,-0.04,134,212,233,0,human_fall,no,14,,,,,
10495,28,-648,16932,-0.04,-0.39,10.1,64,18,33,-0.05,-0.01,0.02,129,201,217,0,human_fall,no,15,,,,,
observation 17,,,,,,,,,,,,,,,,,,,,,,,,
696,-4,-580,16816,-0.04,-0.36,10.11,63,19,34,0.01,-0.01,0.02,119,196,232,0,human_fall,yes,1,,,,,
1396,-76,-604,16912,-0.02,-0.38,10.1,64,20,31,-0.11,0.05,0.14,119,188,219,0,human_fall,no,2,,,,,
2096,68,-600,16864,0.02,-0.39,10.09,67,18,30,0.13,-0.13,-0.1,115,178,208,0,human_fall,no,3,,,,,
2796,12,-604,16964,-0.03,-0.38,10.17,65,19,31,0.01,-0.01,-0.04,128,184,251,0,human_fall,no,4,,,,,
3496,72,-492,16908,0,-0.33,10.11,66,20,32,0.07,-0.13,0.02,164,233,343,0,human_fall,no,5,,,,,
4195,-4,-568,16872,-0.03,-0.33,10.05,65,19,30,0.13,-0.01,-0.23,170,270,374,0,human_fall,no,6,,,,,
4896,-148,-600,16832,-0.02,-0.39,10.12,63,19,33,-0.11,-0.07,0.02,172,288,392,0,human_fall,no,7,,,,,
5596,36,-656,16912,0.01,-0.39,10.03,66,21,33,-0.11,0.05,0.08,178,292,383,0,human_fall,no,8,,,,,
6296,-76,-592,16996,0.03,-0.34,10.05,65,20,31,-0.05,0.11,0.02,174,297,368,0,human_fall,no,9,,,,,
6996,52,-656,16872,-0.04,-0.4,10.03,66,19,31,0.01,-0.13,-0.04,170,293,359,0,human_fall,no,10,,,,,
7695,32,-584,16904,-0.01,-0.33,10.14,64,15,33,-0.11,-0.01,-0.04,171,289,345,0,human_fall,no,11,,,,,
8396,60,-552,16900,-0.02,-0.37,10.1,66,17,35,0.01,-0.07,0.08,159,278,325,0,human_fall,no,12,,,,,
9095,-28,-632,16796,0.05,-0.35,10.05,68,19,35,0.13,0.05,-0.04,156,262,304,0,human_fall,no,13,,,,,
9796,-124,-556,16856,0,-0.34,10.06,67,18,33,0.13,0.11,-0.04,145,245,281,0,human_fall,no,14,,,,,
10495,-16,-584,16872,-0.03,-0.33,10.02,65,20,32,0.01,-0.01,-0.04,147,238,270,0,human_fall,no,15,,,,,
observation 18,,,,,,,,,,,,,,,,,,,,,,,,
695,-40,-612,16792,-0.02,-0.37,10.06,64,21,32,0.01,0.18,-0.04,123,231,230,0,human_fall,yes,1,,,,,
1396,-16,-576,17004,-0.04,-0.35,10.2,63,17,34,-0.18,-0.13,-0.04,126,246,244,0,human_fall,no,2,,,,,
2095,28,-628,16856,0,-0.36,10.12,63,19,30,-0.05,0.05,-0.16,129,243,250,0,human_fall,no,3,,,,,
2796,-40,-660,16892,-0.01,-0.36,10.03,63,17,33,-0.05,0.05,0.08,129,235,244,0,human_fall,no,4,,,,,
3495,-72,-560,17112,0.03,-0.34,10.05,67,16,35,0.01,1.33,0.26,126,227,249,0,human_fall,no,5,,,,,
4195,60,-624,17060,0,-0.39,10.09,66,21,33,0.01,0.18,-0.04,316,274,850,0,human_fall,no,6,,,,,
4895,-52,-592,16820,-0.03,-0.35,10.12,64,17,34,-0.11,-0.07,-0.04,66,223,42,0,human_fall,no,7,,,,,
5595,32,-636,16996,0.01,-0.39,10.14,65,18,31,0.01,-0.07,-0.1,75,250,53,0,human_fall,no,8,,,,,
6296,-136,-592,16916,-0.07,-0.31,10.16,65,19,34,0.13,-0.01,0.14,77,261,58,0,human_fall,no,9,,,,,
6995,48,-640,16976,0.05,-0.36,10.12,64,21,35,-0.05,0.05,0.14,81,290,82,0,human_fall,no,10,,,,,
7695,-16,-640,16784,-0.06,-0.37,10.03,64,18,31,-0.05,0.18,-0.04,80,235,51,0,human_fall,no,11,,,,,
8395,-4,-664,16948,0.01,-0.39,10.16,65,20,33,-0.18,-0.01,-0.04,82,220,49,0,human_fall,no,12,,,,,
9095,-64,-588,16980,0,-0.38,10.1,66,21,30,0.13,0.24,-0.04,82,220,53,0,human_fall,no,13,,,,,
9795,-48,-552,16992,0.02,-0.32,10.16,65,19,32,-0.05,-0.13,-0.1,83,212,48,0,human_fall,no,14,,,,,
10495,32,-608,16848,-0.03,-0.41,10.05,67,18,32,0.13,-0.01,0.08,83,195,45,0,human_fall,no,15,,,,,
observation 19,,,,,,,,,,,,,,,,,,,,,,,,
696,24,-636,16904,0,-0.34,10.12,63,20,32,0.07,0.1,-0.2,126,115,257,0,human_fall,yes,1,,,,,
1396,-20,-704,16980,-0.03,-0.34,10.1,65,21,33,0.07,0.16,0.11,138,141,262,0,human_fall,no,2,,,,,
2096,-32,-560,16880,-0.06,-0.39,10.13,64,17,32,-0.05,-0.08,-0.01,140,149,261,0,human_fall,no,3,,,,,
2796,-24,-616,16896,-0.01,-0.37,10.11,65,19,34,0.07,0.04,0.17,190,219,440,0,human_fall,no,4,,,,,
3496,-60,-600,16756,-0.01,-0.35,10.06,65,20,37,0.01,0.04,0.17,220,271,493,0,human_fall,no,5,,,,,
4196,12,-604,16904,0,-0.4,10.04,64,17,33,0.13,-0.2,0.11,208,291,474,0,human_fall,no,6,,,,,
4895,-100,-544,16828,-0.06,-0.33,10.1,64,20,36,0.01,0.04,0.17,204,283,471,0,human_fall,no,7,,,,,
5596,8,-680,16836,-0.02,-0.43,10.07,64,19,33,-0.05,0.04,0.11,202,275,446,0,human_fall,no,8,,,,,
6295,20,-668,16928,0.04,-0.38,10.11,66,18,30,0.07,-0.14,-0.2,205,282,442,0,human_fall,no,9,,,,,
6996,8,-584,17008,-0.03,-0.35,10.09,66,17,32,0.07,-0.08,0.05,201,274,440,0,human_fall,no,10,,,,,
7695,68,-524,16824,0.04,-0.38,10.05,65,19,32,0.01,-0.14,-0.01,202,256,417,0,human_fall,no,11,,,,,
8395,-24,-644,16860,-0.02,-0.38,10.08,65,17,33,-0.05,-0.02,-0.01,189,236,384,0,human_fall,no,12,,,,,
9095,-96,-588,16880,0.02,-0.37,10.07,66,18,31,0.19,-0.02,-0.07,181,221,359,0,human_fall,no,13,,,,,
9795,-16,-632,16924,0.02,-0.39,10.09,65,23,32,-0.24,0.16,-0.07,174,205,333,0,human_fall,no,14,,,,,
10496,-28,-612,16888,0.04,-0.38,10.15,62,20,33,-0.12,-0.02,0.17,164,197,314,0,human_fall,no,15,,,,,
observation 20,,,,,,,,,,,,,,,,,,,,,,,,
695,-100,-656,16956,-0.03,-0.38,10.13,66,17,31,0.19,0.04,-0.07,116,156,190,0,human_fall,yes,1,,,,,
1396,-24,-612,16852,0,-0.41,10.06,64,19,31,0.01,0.04,-0.01,119,152,201,0,human_fall,no,2,,,,,
2095,-52,-644,17072,-0.04,-0.42,10.13,64,19,30,0.01,-0.02,-0.14,117,159,203,0,human_fall,no,3,,,,,
2795,-60,-576,16944,-0.04,-0.34,10.14,66,18,32,0.07,-0.02,-0.2,118,165,199,0,human_fall,no,4,,,,,
3495,-84,-676,16996,-0.05,-0.34,10.17,65,21,32,0.01,0.04,-0.07,130,200,239,0,human_fall,no,5,,,,,
4195,-16,-656,16820,-0.01,-0.4,10.09,66,20,30,-0.18,0.1,-0.14,132,179,249,0,human_fall,no,6,,,,,
4895,-4,-624,16980,0.01,-0.38,10.06,66,18,32,0.07,-0.02,-0.01,128,174,241,0,human_fall,no,7,,,,,
5595,-8,-660,16872,0.02,-0.43,10.02,65,16,32,0.07,-0.08,-0.07,177,219,395,0,human_fall,no,8,,,,,
6296,-212,-620,16828,-0.07,-0.37,10.07,67,18,34,0.01,-0.02,-0.01,196,263,431,0,human_fall,no,9,,,,,
6995,36,-640,16984,0.06,-0.4,10.13,67,21,32,-0.05,-0.02,0.17,217,309,481,0,human_fall,no,10,,,,,
7695,-80,-620,16976,-0.04,-0.38,10.15,64,23,33,0.13,0.1,0.17,222,311,484,0,human_fall,no,11,,,,,
8395,-40,-616,16968,-0.02,-0.39,10.17,67,20,32,0.13,0.04,0.05,217,315,465,0,human_fall,no,12,,,,,
9095,-112,-580,16844,-0.02,-0.37,10.06,67,19,31,0.07,-0.08,0.05,209,307,451,0,human_fall,no,13,,,,,
9795,-44,-608,16932,0.01,-0.38,10.12,66,19,33,0.01,0.04,-0.07,204,288,421,0,human_fall,no,14,,,,,
10495,-52,-640,16948,-0.02,-0.37,10.06,65,18,33,-0.05,-0.02,0.05,186,274,388,0,human_fall,no,15,,,,,
observation 21,,,,,,,,,,,,,,,,,,,,,,,,
695,104,-716,16916,0.01,-0.41,10.08,65,19,33,0.01,-0.08,0.23,137,192,275,0,human_fall,yes,1,,,,,
1395,-8,-588,16916,0.05,-0.37,9.99,64,18,31,0.01,-0.02,0.05,141,197,285,0,human_fall,no,2,,,,,
2095,-112,-588,16964,-0.06,-0.38,10.1,65,16,32,0.01,-0.02,-0.07,137,196,287,0,human_fall,no,3,,,,,
2519,-364,-536,16172,-0.29,-0.45,7.24,117,53,42,0.98,1.26,0.47,136,189,281,10,human_fall,no,4,,,,,
3219,44,-640,16920,0.02,-0.36,10.06,68,17,31,0.19,0.04,0.05,138,180,269,0,human_fall,no,5,,,,,
3919,-56,-572,16892,-0.01,-0.35,10.08,66,20,30,0.01,0.1,-0.14,177,235,365,0,human_fall,no,6,,,,,
4619,-64,-660,16992,-0.05,-0.34,10.04,64,19,33,0.01,0.04,0.17,188,260,380,0,human_fall,no,7,,,,,
5318,-48,-592,16956,-0.01,-0.35,10.14,65,20,29,-0.05,0.1,0.11,180,254,352,0,human_fall,no,8,,,,,
6019,-52,-564,16816,-0.01,-0.31,10.13,64,15,34,0.01,-0.08,0.11,177,239,333,0,human_fall,no,9,,,,,
6718,4,-612,16960,0.09,-0.36,10.08,66,20,32,-0.12,-0.08,-0.01,164,223,304,0,human_fall,no,10,,,,,
7419,-12,-644,16880,-0.02,-0.38,10.14,62,17,31,0.01,-0.02,-0.01,154,211,273,0,human_fall,no,11,,,,,
8119,-56,-604,16796,-0.04,-0.38,10.06,68,21,36,0.07,0.04,0.05,145,194,246,0,human_fall,no,12,,,,,
8818,-108,-588,16956,-0.06,-0.36,10.18,67,15,34,0.13,-0.2,-0.14,142,186,238,0,human_fall,no,13,,,,,
9519,4,-552,16976,0.02,-0.33,10.04,63,18,33,-0.05,-0.08,0.05,139,182,224,0,human_fall,no,14,,,,,
10218,64,-620,16884,-0.02,-0.34,10.11,67,17,34,0.01,-0.26,0.05,137,183,218,0,human_fall,no,15,,,,,
observation 22,,,,,,,,,,,,,,,,,,,,,,,,
695,-68,-640,16756,0.01,-0.42,10.1,66,18,31,0.13,-0.08,-0.01,98,135,125,0,human_fall,yes,1,,,,,
1396,-28,-604,16844,0,-0.33,10.1,67,21,33,0.01,-0.14,-0.14,97,134,123,0,human_fall,no,2,,,,,
2095,-44,-656,16940,-0.01,-0.42,10.08,66,18,31,0.01,-0.08,-0.01,95,136,122,0,human_fall,no,3,,,,,
2796,-140,-592,17064,-0.04,-0.36,10.15,65,17,28,0.07,-0.2,-0.2,95,137,122,0,human_fall,no,4,,,,,
3495,0,-616,16896,0.04,-0.34,10.08,65,20,30,0.07,-0.08,-0.01,99,148,128,0,human_fall,no,5,,,,,
4195,-28,-656,16912,-0.03,-0.39,10.04,65,19,32,0.07,0.16,0.11,161,225,300,0,human_fall,no,6,,,,,
4895,-12,-612,17012,-0.02,-0.38,10.1,65,15,33,0.13,-0.02,0.17,174,253,331,0,human_fall,no,7,,,,,
5595,-48,-548,16848,0.01,-0.34,10.14,65,21,32,0.13,0.1,0.11,181,266,333,0,human_fall,no,8,,,,,
6295,-48,-660,16892,0.01,-0.38,10.04,62,21,30,0.01,0.1,0.05,177,260,327,0,human_fall,no,9,,,,,
6995,-28,-592,16860,-0.02,-0.36,10.07,65,18,35,0.01,-0.02,0.05,172,252,311,0,human_fall,no,10,,,,,
7694,44,-664,16968,0,-0.37,10.15,64,18,31,-0.18,-0.02,-0.07,167,243,298,0,human_fall,no,11,,,,,
8395,16,-540,16880,0,-0.39,10.1,67,17,36,0.01,-0.14,-0.01,167,236,293,0,human_fall,no,12,,,,,
9094,-32,-636,16824,-0.02,-0.4,10.17,66,20,31,0.07,-0.08,-0.14,162,229,281,0,human_fall,no,13,,,,,
9795,-76,-668,16824,-0.03,-0.39,10.11,65,21,32,-0.12,0.16,-0.01,153,227,259,0,human_fall,no,14,,,,,
10495,-76,-592,16980,-0.03,-0.38,10.13,68,18,32,-0.05,-0.08,0.11,145,215,240,0,human_fall,no,15,,,,,
observation 23,,,,,,,,,,,,,,,,,,,,,,,,
696,16,-632,16852,0,-0.38,10.04,63,18,31,0.07,-0.02,0.05,120,174,216,0,human_fall,yes,1,,,,,
1396,-28,-612,16928,-0.01,-0.39,10.18,64,18,33,-0.12,-0.26,-0.01,120,174,224,0,human_fall,no,2,,,,,
2096,-88,-604,16924,-0.03,-0.36,10.08,66,19,31,0.13,0.1,-0.01,123,164,226,0,human_fall,no,3,,,,,
2795,-64,-740,16824,-0.01,-0.4,10.12,63,17,31,-0.05,-0.02,0.11,122,158,219,0,human_fall,no,4,,,,,
3496,0,-496,19596,-0.02,-0.29,11.06,64,18,35,-0.05,-0.57,0.11,120,150,205,0,human_fall,no,5,,,,,
4195,32,-540,16944,0.02,-0.35,10.12,64,19,34,0.19,0.04,-0.01,117,151,188,0,human_fall,no,6,,,,,
4896,52,-648,16944,-0.02,-0.39,10.11,65,16,32,-0.05,-0.2,-0.01,159,224,293,0,human_fall,no,7,,,,,
5595,-20,-616,16932,-0.01,-0.34,10.16,64,18,31,0.01,0.1,0.11,180,268,350,0,human_fall,no,8,,,,,
6296,-88,-652,16988,-0.01,-0.38,10.07,64,20,33,0.13,0.23,0.05,197,269,378,0,human_fall,no,9,,,,,
6996,-8,-648,16880,-0.04,-0.33,10.06,67,19,34,0.01,-0.14,0.05,192,269,366,0,human_fall,no,10,,,,,
7695,28,-636,17072,0.01,-0.38,10.13,67,20,34,0.13,0.16,0.17,181,256,332,0,human_fall,no,11,,,,,
8396,44,-572,16864,-0.02,-0.36,10.12,66,19,36,0.07,-0.02,0.17,170,239,310,0,human_fall,no,12,,,,,
9095,-60,-520,16784,-0.06,-0.41,10.08,67,21,32,0.01,-0.08,-0.07,170,220,292,0,human_fall,no,13,,,,,
9796,-64,-756,16872,-0.03,-0.35,10.08,68,19,34,0.01,0.1,-0.07,157,219,276,0,human_fall,no,14,,,,,
10495,-32,-600,16956,-0.02,-0.33,10.16,65,17,31,-0.12,0.04,-0.14,157,224,275,0,human_fall,no,15,,,,,
observation 24,,,,,,,,,,,,,,,,,,,,,,,,
697,96,-608,16764,0.03,-0.36,10.14,63,24,33,0.07,0.16,0.05,110,146,174,0,human_fall,yes,1,,,,,
1396,20,-692,16788,0.04,-0.36,10.03,66,21,34,0.01,0.04,-0.01,111,147,180,0,human_fall,no,2,,,,,
2096,16,-588,17044,-0.06,-0.42,10.1,63,22,35,-0.18,0.04,-0.07,110,140,179,0,human_fall,no,3,,,,,
2796,32,-596,16892,-0.05,-0.37,10.14,65,16,32,0.01,-0.08,-0.14,108,141,170,0,human_fall,no,4,,,,,
3496,40,-756,16808,-0.01,-0.4,10.01,63,17,34,-0.05,-0.14,0.11,117,152,185,0,human_fall,no,5,,,,,
4196,48,-612,16996,-0.02,-0.36,10.13,65,20,34,-0.05,-0.02,0.05,161,220,303,0,human_fall,no,6,,,,,
4896,-16,-572,17020,-0.03,-0.34,10.09,67,19,33,0.07,-0.2,-0.01,173,236,318,0,human_fall,no,7,,,,,
5596,-84,-612,16956,-0.02,-0.39,10.18,66,18,37,-0.12,-0.14,0.11,166,250,311,0,human_fall,no,8,,,,,
6296,-72,-572,16836,-0.02,-0.31,10.06,66,20,34,-0.05,-0.14,0.17,162,252,301,0,human_fall,no,9,,,,,
6996,-48,-672,16872,-0.05,-0.38,10.05,67,19,28,-0.05,-0.08,-0.07,158,243,291,0,human_fall,no,10,,,,,
7696,-60,-652,16916,-0.06,-0.34,10.18,68,20,32,0.01,-0.14,0.17,155,246,290,0,human_fall,no,11,,,,,
8396,-80,-612,16932,-0.02,-0.36,10.15,67,19,31,-0.12,-0.02,-0.01,151,234,279,0,human_fall,no,12,,,,,
9095,136,-556,16856,0.05,-0.35,10.05,65,18,32,-0.12,-0.08,0.11,144,214,252,0,human_fall,no,13,,,,,
9796,-36,-644,16856,0,-0.35,10.12,67,18,34,0.01,-0.02,0.17,134,208,232,0,human_fall,no,14,,,,,
10495,32,-660,16932,-0.02,-0.36,10.13,64,16,31,-0.05,-0.14,0.11,130,205,217,0,human_fall,no,15,,,,,
observation 25,,,,,,,,,,,,,,,,,,,,,,,,
695,-56,-576,16844,0.01,-0.39,10.16,66,19,32,-0.12,-0.02,-0.01,148,231,317,0,human_fall,yes,1,,,,,
1395,-48,-676,16844,-0.02,-0.4,10.1,64,19,33,-0.05,-0.26,0.23,152,228,320,0,human_fall,no,2,,,,,
2095,20,-624,16880,0.01,-0.36,10.15,66,19,30,0.13,-0.14,-0.01,146,222,318,0,human_fall,no,3,,,,,
2795,-28,-616,17004,-0.02,-0.38,10.17,64,20,32,-0.05,0.1,0.17,151,234,326,0,human_fall,no,4,,,,,
3496,16,-628,16916,-0.01,-0.38,10.06,62,18,34,-0.05,-0.14,-0.01,175,272,381,0,human_fall,no,5,,,,,
4195,-52,-568,16540,-0.02,-0.34,10,67,22,33,-0.05,0.04,0.05,205,316,476,0,human_fall,no,6,,,,,
4895,-16,-540,16900,0,-0.38,10.03,64,20,32,0.01,0.04,0.11,205,322,483,0,human_fall,no,7,,,,,
5595,116,-640,16864,0.05,-0.36,10.07,66,20,31,0.01,0.04,-0.01,206,315,456,0,human_fall,no,8,,,,,
6295,-4,-628,17004,0.01,-0.34,10.19,64,22,33,-0.05,0.04,0.11,191,292,426,0,human_fall,no,9,,,,,
6995,-60,-612,16892,-0.03,-0.38,10.06,67,21,31,0.01,0.04,-0.01,192,290,411,0,human_fall,no,10,,,,,
7695,80,-632,16920,-0.02,-0.37,10.08,65,19,33,0.01,-0.08,0.05,190,273,390,0,human_fall,no,11,,,,,
8394,-72,-544,16740,-0.04,-0.33,10.01,65,19,33,0.07,-0.02,0.05,175,250,353,0,human_fall,no,12,,,,,
observation 26,,,,,,,,,,,,,,,,,,,,,,,,
696,-80,-700,16824,-0.05,-0.36,10.06,64,23,34,-0.1,-0.04,0.08,107,194,199,0,human_fall,yes,1,,,,,
1396,-8,-572,16848,-0.05,-0.35,10.18,65,17,32,-0.04,-0.23,0.02,110,197,215,0,human_fall,no,2,,,,,
2096,-96,-628,16980,-0.01,-0.34,10.15,63,22,31,-0.1,0.08,0.14,114,187,215,0,human_fall,no,3,,,,,
2796,-16,-592,16904,0,-0.3,10.05,65,19,29,0.15,0.02,-0.1,113,179,209,0,human_fall,no,4,,,,,
3496,-40,-688,17044,0,-0.37,10.12,65,18,34,0.02,-0.16,0.08,114,177,210,0,human_fall,no,5,,,,,
4196,-96,-560,16836,0.01,-0.36,10.04,66,21,32,0.02,-0.04,0.08,160,238,324,0,human_fall,no,6,,,,,
4895,72,-620,16992,0.02,-0.35,10.14,64,20,34,0.02,-0.04,0.02,169,267,364,0,human_fall,no,7,,,,,
5596,44,-588,17044,0.02,-0.32,10.12,66,20,34,-0.04,0.02,-0.04,183,265,369,0,human_fall,no,8,,,,,
6295,-72,-604,16808,-0.05,-0.35,10.05,68,18,33,0.27,-0.1,-0.04,181,272,376,0,human_fall,no,9,,,,,
6996,-28,-664,16840,0.02,-0.37,10.06,66,19,31,0.02,-0.1,-0.04,176,280,370,0,human_fall,no,10,,,,,
7695,4,-652,16828,-0.02,-0.32,10.09,65,21,35,-0.04,0.08,0.08,173,249,349,0,human_fall,no,11,,,,,
8395,44,-628,16928,0,-0.38,10.08,64,21,34,-0.1,-0.16,0.08,169,229,325,0,human_fall,no,12,,,,,
9095,-76,-604,16764,0.01,-0.39,10.11,63,16,31,-0.16,-0.16,0.08,161,221,304,0,human_fall,no,13,,,,,
9795,28,-536,17072,0.03,-0.36,10.07,64,20,36,-0.16,0.02,0.02,147,207,278,0,human_fall,no,14,,,,,
10495,-28,-468,16832,0.01,-0.36,10.14,63,19,33,-0.1,-0.1,0.02,147,199,264,0,human_fall,no,15,,,,,
observation 27,,,,,,,,,,,,,,,,,,,,,,,,
697,-40,-700,16944,-0.01,-0.42,10.07,64,18,35,-0.04,-0.04,0.14,113,150,196,0,human_fall,yes,1,,,,,
1397,64,-592,16804,-0.04,-0.36,10.03,63,16,35,0.02,-0.1,0.08,110,144,185,0,human_fall,no,2,,,,,
2096,-16,-588,16856,-0.01,-0.4,10.09,66,19,36,0.02,0.02,0.02,109,148,184,0,human_fall,no,3,,,,,
2797,72,-656,16848,0.08,-0.38,10.08,66,20,30,-0.22,0.02,-0.04,110,166,188,0,human_fall,no,4,,,,,
3496,-44,-604,16904,0,-0.4,10.05,69,18,32,-0.04,-0.16,0.08,110,164,202,0,human_fall,no,5,,,,,
4197,-24,-560,16844,0,-0.38,10.16,66,21,31,-0.1,0.08,-0.04,109,156,199,0,human_fall,no,6,,,,,
4896,36,-636,17028,0.03,-0.36,10.12,64,19,28,0.02,0.08,-0.17,108,152,193,0,human_fall,no,7,,,,,
5249,780,-464,28836,0.25,-1.06,13.94,172,54,43,9.35,1.3,1.24,107,147,180,399,human_fall,no,8,,,,,
5950,-44,-608,17028,0,-0.36,10.13,65,17,33,0.08,0.08,-0.1,115,146,170,0,human_fall,no,9,,,,,
6649,16,-536,16732,0.03,-0.39,10.03,63,17,31,-0.04,-0.1,-0.04,154,209,305,0,human_fall,no,10,,,,,
7349,28,-628,16848,0.01,-0.43,10.11,68,18,32,0.21,-0.1,-0.04,163,234,321,0,human_fall,no,11,,,,,
8049,-120,-584,16920,-0.05,-0.32,10.16,67,20,32,0.08,0.08,0.02,162,239,313,0,human_fall,no,12,,,,,
8749,-60,-548,17052,-0.04,-0.39,10.19,66,22,33,-0.04,0.14,-0.1,166,238,313,0,human_fall,no,13,,,,,
9449,4,-584,16872,-0.01,-0.4,10.11,63,19,34,-0.16,-0.1,0.08,154,230,291,0,human_fall,no,14,,,,,
10149,-48,-592,16848,0.01,-0.31,10.07,64,20,31,-0.1,-0.16,-0.17,148,218,276,0,human_fall,no,15,,,,,
observation 28,,,,,,,,,,,,,,,,,,,,,,,,
697,-16,-576,16964,-0.01,-0.34,10.1,66,18,31,0.13,-0.02,0.03,117,207,230,0,human_fall,yes,1,,,,,
1397,-32,-696,17020,-0.01,-0.42,10.23,64,16,31,-0.11,-0.2,0.09,117,216,237,0,human_fall,no,2,,,,,
2097,44,-564,16848,-0.03,-0.38,10.05,65,20,31,-0.05,-0.02,0.03,124,234,262,0,human_fall,no,3,,,,,
2288,464,-1448,27160,0.28,-0.87,16.25,88,26,38,1.04,-0.99,0.21,128,171,253,350,human_fall,no,4,,,,,
2988,-32,-676,16844,-0.03,-0.37,10.08,64,22,33,-0.05,-0.02,-0.03,134,182,247,0,human_fall,no,5,,,,,
3688,32,-652,16932,-0.05,-0.33,10.08,64,21,35,0.01,0.11,0.03,175,244,377,0,human_fall,no,6,,,,,
4388,-36,-612,16748,-0.06,-0.35,10.05,65,17,30,0.13,-0.08,-0.03,184,277,398,0,human_fall,no,7,,,,,
5088,-84,-612,16968,-0.01,-0.36,10.1,65,18,33,0.13,-0.08,0.15,188,296,411,0,human_fall,no,8,,,,,
5788,-56,-528,16860,-0.03,-0.32,10.09,66,21,35,0.01,0.17,0.03,188,326,433,0,human_fall,no,9,,,,,
6487,-104,-620,16920,-0.05,-0.36,10.14,67,21,33,0.13,0.11,-0.03,187,292,412,0,human_fall,no,10,,,,,
7188,-76,-628,17076,-0.02,-0.31,10.16,67,18,31,-0.05,-0.08,-0.03,181,288,390,0,human_fall,no,11,,,,,
7888,60,-492,16772,0.02,-0.27,10.13,66,19,33,-0.11,-0.02,-0.09,170,277,365,0,human_fall,no,12,,,,,
8588,40,-540,16652,-0.06,-0.36,9.99,66,20,32,-0.05,0.05,-0.09,162,261,337,0,human_fall,no,13,,,,,
9288,-16,-608,16980,0.03,-0.36,10.14,62,23,31,-0.05,0.23,0.09,163,249,324,0,human_fall,no,14,,,,,
9987,-28,-584,16820,0.02,-0.38,10.14,63,17,33,0.01,-0.08,-0.03,157,226,302,0,human_fall,no,15,,,,,
10688,-88,-688,16900,-0.06,-0.38,10.12,64,22,33,0.07,0.11,0.09,155,205,287,0,human_fall,no,,,,,,
observation 29,,,,,,,,,,,,,,,,,,,,,,,,
697,-88,-604,16860,0.01,-0.36,10.1,66,19,33,0.01,-0.14,0.09,128,151,227,0,human_fall,yes,1,,,,,
1396,-76,-604,16904,0.03,-0.32,10.1,65,23,32,0.01,0.05,-0.03,132,159,237,0,human_fall,no,2,,,,,
2097,-44,-568,16436,-0.02,-0.37,9.93,68,19,35,-0.05,-0.08,0.09,131,160,232,0,human_fall,no,3,,,,,
2796,-12,-508,16924,-0.02,-0.37,10.09,63,20,35,-0.11,0.11,0.09,129,157,229,0,human_fall,no,4,,,,,
3496,16,-528,17032,0.02,-0.35,10.17,67,20,33,0.13,0.05,0.03,185,291,419,0,human_fall,no,5,,,,,
4196,-40,-680,16952,0,-0.36,10.1,67,18,31,0.13,-0.02,-0.03,196,310,450,0,human_fall,no,6,,,,,
4896,-64,-720,16868,-0.05,-0.36,10.06,68,14,32,0.07,-0.26,0.03,196,306,447,0,human_fall,no,7,,,,,
5596,56,-628,16908,-0.01,-0.39,10.15,65,20,32,0.01,0.05,-0.03,198,289,421,0,human_fall,no,8,,,,,
6296,24,-544,16996,0.02,-0.4,10.19,68,18,33,0.19,-0.08,-0.09,192,280,394,0,human_fall,no,9,,,,,
6995,-16,-592,16876,-0.03,-0.36,10.16,65,19,33,0.01,-0.02,-0.03,184,274,382,0,human_fall,no,10,,,,,
7696,20,-612,17000,0.01,-0.38,10.02,66,20,31,0.13,0.05,-0.09,181,260,363,0,human_fall,no,11,,,,,
8396,-52,-560,16940,0.01,-0.34,10.11,65,17,33,0.01,-0.08,-0.09,165,242,333,0,human_fall,no,12,,,,,
9096,-56,-656,16876,-0.02,-0.39,10.05,66,19,31,0.01,-0.08,-0.15,158,224,300,0,human_fall,no,13,,,,,
9796,-56,-604,16944,-0.03,-0.34,10.07,66,21,33,0.13,-0.02,0.15,155,211,280,0,human_fall,no,14,,,,,
10495,-36,-672,16908,-0.07,-0.36,10.11,65,19,34,-0.05,-0.02,-0.03,148,200,261,0,human_fall,no,15,,,,,
observation 30,,,,,,,,,,,,,,,,,,,,,,,,
697,-16,-648,16932,0.01,-0.37,10.13,64,21,33,0,0.07,0.15,137,150,198,0,human_fall,yes,1,,,,,
1397,8,-612,16896,0.02,-0.36,10.07,65,17,32,0,-0.11,-0.03,125,142,187,0,human_fall,no,2,,,,,
2096,-76,-536,16880,-0.05,-0.32,10.1,63,18,34,-0.13,-0.05,0.03,118,133,169,0,human_fall,no,3,,,,,
2797,0,-580,16888,-0.06,-0.4,10.1,64,18,32,0,-0.11,0.09,153,250,288,0,human_fall,no,4,,,,,
3496,8,-652,16940,0,-0.37,10.08,65,19,33,0,0.01,0.03,185,301,383,0,human_fall,no,5,,,,,
4197,-20,-624,16912,-0.02,-0.4,10.15,68,18,31,0,0.07,-0.15,191,313,389,0,human_fall,no,6,,,,,
4897,-48,-632,16956,-0.03,-0.31,10.06,65,19,36,0.06,0.19,-0.09,184,299,375,0,human_fall,no,7,,,,,
5596,-24,-600,16880,-0.03,-0.34,10.09,65,19,34,-0.06,0.07,-0.09,186,293,356,0,human_fall,no,8,,,,,
6297,24,-512,16888,0.01,-0.36,10.16,65,20,33,0,0.01,0.03,178,272,330,0,human_fall,no,9,,,,,
6996,60,-656,16752,0.01,-0.36,10.05,65,20,32,-0.13,0.25,0.21,169,257,303,0,human_fall,no,10,,,,,
7697,12,-628,17008,0.02,-0.38,10.13,66,17,31,0.12,0.01,-0.09,159,238,276,0,human_fall,no,11,,,,,
8396,100,-616,16888,-0.01,-0.39,10.12,65,18,32,-0.06,0.01,-0.03,155,229,265,0,human_fall,no,12,,,,,
9096,32,-536,17052,-0.05,-0.33,10.15,64,19,33,0.12,-0.17,-0.03,152,221,257,0,human_fall,no,13,,,,,
9796,-28,-492,16768,0.02,-0.34,10.08,66,22,30,-0.06,0.13,-0.03,158,239,285,0,human_fall,no,14,,,,,
10496,-92,-688,16920,0.03,-0.36,10.18,64,17,30,0.24,0.01,-0.03,159,241,288,0,human_fall,no,15,,,,,
observation 31,,,,,,,,,,,,,,,,,,,,,,,,
697,-28,-652,16868,-0.03,-0.32,10.2,63,17,31,-0.06,-0.11,0.15,146,254,284,0,human_fall,yes,1,,,,,
1396,-28,-600,16952,-0.02,-0.42,10.11,65,21,34,-0.13,0.07,0.03,144,259,292,0,human_fall,no,2,,,,,
2096,-84,-632,16788,-0.05,-0.38,10.04,65,19,31,0.12,0.07,0.09,151,270,317,0,human_fall,no,3,,,,,
2796,80,-628,16828,-0.01,-0.38,10.19,64,19,34,0,-0.05,0.09,154,270,332,0,human_fall,no,4,,,,,
3496,36,-696,16888,-0.01,-0.39,10.11,65,20,34,-0.06,0.13,0.21,162,285,347,0,human_fall,no,5,,,,,
4036,-40,-512,16960,0.42,0.29,7.83,11,23,28,-2.44,-0.91,-0.34,167,278,348,60,human_fall,no,6,,,,,
4735,-44,-688,16860,-0.01,-0.38,10.1,67,17,31,0.06,-0.11,-0.28,162,271,339,0,human_fall,no,7,,,,,
5436,-68,-644,16732,-0.02,-0.45,10.09,64,19,33,0.06,0.07,0.03,212,411,552,0,human_fall,no,8,,,,,
6136,12,-580,16920,0.01,-0.37,10.1,65,18,34,0.12,0.01,-0.03,227,405,521,0,human_fall,no,9,,,,,
6835,-52,-608,16952,-0.03,-0.38,10.1,67,16,32,-0.06,-0.11,0.09,208,386,493,0,human_fall,no,10,,,,,
7536,-44,-604,16996,-0.02,-0.35,10.15,66,20,29,0.12,0.01,-0.09,206,352,445,0,human_fall,no,11,,,,,
8235,-48,-560,16872,-0.01,-0.38,10.13,67,20,32,0.06,-0.11,-0.15,186,312,398,0,human_fall,no,12,,,,,
8936,-132,-592,16908,0,-0.37,10.13,65,20,32,0.06,0.13,0.09,185,324,405,0,human_fall,no,13,,,,,
9635,-12,-628,16840,-0.06,-0.36,10.14,64,18,30,0,0.01,-0.09,185,325,408,0,human_fall,no,14,,,,,
10335,-12,-628,16808,-0.01,-0.34,10.11,67,19,34,0,-0.11,-0.03,188,317,408,0,human_fall,no,15,,,,,
observation 32,,,,,,,,,,,,,,,,,,,,,,,,
696,56,-588,16908,0.04,-0.33,10.13,64,15,32,0,-0.17,-0.09,116,119,155,0,human_fall,yes,1,,,,,
1396,-52,-588,16864,0,-0.33,10.08,64,18,28,0,-0.11,-0.03,119,124,165,0,human_fall,no,2,,,,,
2095,36,-564,16920,0.02,-0.37,10.17,64,18,36,0,0.07,0.03,115,123,158,0,human_fall,no,3,,,,,
2796,-28,-580,16764,0.02,-0.36,10.1,62,14,31,-0.13,-0.17,-0.15,115,118,154,0,human_fall,no,4,,,,,
3495,-36,-552,16876,0,-0.38,10.11,65,17,34,0,0.07,-0.03,139,221,248,0,human_fall,no,5,,,,,
4196,-68,-652,16912,-0.03,-0.38,10.15,68,16,31,0.06,-0.11,-0.03,176,292,354,0,human_fall,no,6,,,,,
4896,8,-532,17008,-0.07,-0.34,10.08,64,21,29,0,0.07,-0.03,181,311,383,0,human_fall,no,7,,,,,
5595,-56,-592,16820,-0.06,-0.36,10.06,65,15,31,-0.06,-0.05,0.03,185,315,377,0,human_fall,no,8,,,,,
6296,-4,-516,16956,-0.01,-0.37,10.12,65,19,34,-0.06,0.01,0.09,178,299,352,0,human_fall,no,9,,,,,
6995,-164,-656,16940,-0.1,-0.4,10.12,64,19,36,0.06,-0.05,0.15,181,300,356,0,human_fall,no,10,,,,,
7696,-28,-580,16948,0.01,-0.39,10.13,63,21,34,-0.13,0.01,0.03,170,282,333,0,human_fall,no,11,,,,,
8395,-80,-620,16880,-0.05,-0.37,10.1,63,19,33,0,0.07,0.09,168,264,314,0,human_fall,no,12,,,,,
9096,-40,-548,16896,0,-0.4,10.16,65,19,32,0.12,0.07,-0.09,159,258,302,0,human_fall,no,13,,,,,
9795,-20,-576,16720,-0.02,-0.4,10.01,64,22,30,-0.13,0.13,-0.03,161,248,291,0,human_fall,no,14,,,,,
10495,56,-624,16892,-0.01,-0.3,10.07,64,20,35,-0.06,0.07,0.21,157,254,301,0,human_fall,no,15,,,,,
observation 33,,,,,,,,,,,,,,,,,,,,,,,,
696,-120,-680,16820,-0.04,-0.33,10.1,66,21,35,-0.13,0.13,0.09,99,75,87,0,human_fall,yes,1,,,,,
1395,56,-684,16720,0.03,-0.41,10,66,20,30,0.06,0.01,-0.15,98,80,90,0,human_fall,no,2,,,,,
2096,-56,-604,16768,0.01,-0.37,10.05,66,19,32,0.06,-0.05,-0.03,97,80,88,0,human_fall,no,3,,,,,
2795,48,-596,16832,-0.05,-0.31,10.04,65,18,35,0.12,-0.05,0.03,102,89,106,0,human_fall,no,4,,,,,
3496,-36,-624,16780,0,-0.35,10.12,63,18,32,-0.13,0.13,0.09,107,97,126,0,human_fall,no,5,,,,,
4195,-80,-600,16820,-0.04,-0.36,10.03,65,19,32,0.12,0.07,-0.15,180,281,385,0,human_fall,no,6,,,,,
4895,-60,-564,16776,-0.07,-0.36,10.09,68,17,34,-0.13,-0.17,-0.03,211,335,461,0,human_fall,no,7,,,,,
5595,-28,-648,16876,0.02,-0.33,10.08,68,17,29,0.06,0.01,-0.03,209,331,451,0,human_fall,no,8,,,,,
6295,-68,-564,16820,-0.04,-0.34,10.06,62,16,33,-0.19,-0.11,-0.09,196,303,410,0,human_fall,no,9,,,,,
6995,-92,-512,17024,-0.04,-0.31,10.1,66,23,33,0.18,0.13,-0.21,180,286,383,0,human_fall,no,10,,,,,
7695,-48,-552,16780,-0.05,-0.34,10.11,67,20,33,0,0.07,-0.03,181,291,391,0,human_fall,no,11,,,,,
8394,96,-604,16848,0.01,-0.35,10.01,66,21,33,-0.06,0.01,0.03,183,293,387,0,human_fall,no,12,,,,,
9095,-76,-600,16924,-0.01,-0.37,10.18,65,18,33,0,0.13,-0.03,176,290,372,0,human_fall,no,13,,,,,
9795,36,-580,17060,0.03,-0.29,10.16,63,18,34,-0.06,-0.24,0.03,173,276,350,0,human_fall,no,14,,,,,
10495,-60,-584,16872,-0.08,-0.33,10.08,64,19,34,-0.06,-0.05,-0.03,167,257,324,0,human_fall,no,15,,,,,
observation 34,,,,,,,,,,,,,,,,,,,,,,,,
696,-100,-524,16836,-0.06,-0.29,10.19,65,21,31,0,-0.05,-0.03,110,91,126,0,human_fall,yes,1,,,,,
1396,-20,-620,16908,0,-0.33,10.12,68,21,32,0.06,0.13,0.03,114,100,134,0,human_fall,no,2,,,,,
2095,-16,-612,16888,-0.05,-0.35,10.12,62,22,31,0,0.25,-0.03,110,95,129,0,human_fall,no,3,,,,,
2796,-20,-700,16916,-0.09,-0.38,10.18,64,20,31,-0.06,0.01,-0.03,110,92,128,0,human_fall,no,4,,,,,
3496,-160,-568,16860,-0.12,-0.36,10.16,65,19,31,0,0.07,-0.15,117,109,152,0,human_fall,no,5,,,,,
4196,-12,-548,17076,-0.01,-0.33,10.21,63,18,31,-0.13,-0.17,0.15,117,120,151,0,human_fall,no,6,,,,,
4896,-8,-740,16976,0.03,-0.43,10.05,64,20,30,-0.13,-0.05,-0.09,119,136,156,0,human_fall,no,7,,,,,
5596,-64,-680,16976,-0.08,-0.41,10.09,68,18,30,0.18,-0.11,-0.15,126,154,173,0,human_fall,no,8,,,,,
6296,-88,-608,16856,-0.08,-0.37,10.09,63,19,31,-0.13,-0.05,-0.03,125,152,175,0,human_fall,no,9,,,,,
6995,-92,-596,16920,-0.06,-0.38,10.1,64,17,32,0.12,0.01,0.03,117,143,155,0,human_fall,no,10,,,,,
7696,24,-612,16836,-0.02,-0.35,10.08,66,20,33,0,0.01,0.03,112,134,141,0,human_fall,no,11,,,,,
8395,32,-636,16780,-0.04,-0.37,10.06,65,18,31,-0.13,0.07,0.21,114,140,142,0,human_fall,no,12,,,,,
9096,4,-588,16816,-0.01,-0.37,10.16,68,21,31,0.12,0.01,-0.09,120,142,161,0,human_fall,no,13,,,,,
9796,20,-624,16916,-0.01,-0.37,10.1,65,18,33,-0.13,-0.05,-0.09,116,131,148,0,human_fall,no,14,,,,,
10495,-88,-652,16804,0,-0.27,10.11,66,19,31,-0.13,0.01,0.03,114,121,141,0,human_fall,no,15,,,,,
observation 35,,,,,,,,,,,,,,,,,,,,,,,,
696,-48,-572,16824,-0.04,-0.34,10.06,63,20,32,-0.06,0.19,0.09,112,136,158,0,human_fall,yes,1,,,,,
1396,-8,-548,16788,-0.08,-0.37,10.11,67,19,32,0.06,0.01,-0.03,110,137,163,0,human_fall,no,2,,,,,
2095,0,-604,17044,-0.01,-0.35,10.13,69,18,31,0.24,0.19,-0.03,113,144,173,0,human_fall,no,3,,,,,
2796,-16,-616,16900,-0.04,-0.39,10.06,66,17,35,-0.13,0.01,0.21,116,152,187,0,human_fall,no,4,,,,,
3495,-56,-644,16932,0.02,-0.34,10.12,67,19,35,0.12,0.07,-0.03,119,162,199,0,human_fall,no,5,,,,,
4196,36,-600,16732,-0.01,-0.41,10,64,19,31,-0.13,0.07,-0.09,151,251,331,0,human_fall,no,6,,,,,
4895,-52,-652,16892,-0.03,-0.39,10.1,66,20,34,0.06,0.01,-0.03,172,283,391,0,human_fall,no,7,,,,,
5595,36,-676,17020,0,-0.41,10.2,66,19,33,0.06,0.01,-0.03,174,292,397,0,human_fall,no,8,,,,,
6295,-24,-568,16804,0.01,-0.37,10.13,63,18,32,0,-0.05,0.09,176,288,384,0,human_fall,no,9,,,,,
6995,-40,-628,16800,-0.04,-0.39,10.05,68,22,33,0.06,0.19,0.03,174,292,385,0,human_fall,no,10,,,,,
7695,-56,-592,16876,-0.04,-0.39,10.07,66,19,31,0,0.13,-0.15,172,288,383,0,human_fall,no,11,,,,,
8395,-156,-600,16944,0,-0.38,10.14,66,20,30,0,0.01,-0.15,170,283,359,0,human_fall,no,12,,,,,
9095,-140,-636,17020,-0.08,-0.38,10.18,66,18,32,0.24,-0.05,0.15,165,283,350,0,human_fall,no,13,,,,,
9795,-80,-516,16960,-0.02,-0.31,10.13,66,20,34,0,-0.17,-0.03,164,280,342,0,human_fall,no,14,,,,,
10495,-116,-656,16804,0,-0.41,10,67,20,34,0,-0.05,0.09,164,270,332,0,human_fall,no,15,,,,,
observation 36,,,,,,,,,,,,,,,,,,,,,,,,
696,-36,-612,17032,-0.01,-0.36,10.14,66,20,34,-0.15,0.31,-0.07,121,157,207,0,human_fall,yes,1,,,,,
1397,-80,-676,16844,-0.01,-0.38,10.1,64,22,32,0.03,0.19,-0.01,117,153,197,0,human_fall,no,2,,,,,
2097,-52,-728,17044,0.01,-0.4,10.15,65,18,34,0.03,0,-0.01,120,163,207,0,human_fall,no,3,,,,,
2796,-108,-696,16912,0.03,-0.42,10.13,66,20,31,-0.09,0.06,-0.07,120,162,207,0,human_fall,no,4,,,,,
3497,-40,-624,16832,-0.02,-0.37,10.07,63,19,36,-0.09,0,0.05,123,168,213,0,human_fall,no,5,,,,,
4196,-4,-684,16928,-0.04,-0.36,10.1,67,20,36,-0.09,0.13,0.11,116,164,206,0,human_fall,no,6,,,,,
4897,-4,-624,16924,-0.02,-0.4,10.05,65,17,32,-0.15,-0.18,-0.01,137,248,281,0,human_fall,no,7,,,,,
5596,-40,-544,16936,-0.05,-0.35,10.16,63,20,32,0.03,0,0.05,164,314,399,0,human_fall,no,8,,,,,
6296,-88,-612,16700,0,-0.38,10.07,67,20,33,0.1,0,-0.13,186,337,429,0,human_fall,no,9,,,,,
6996,-16,-604,16764,0,-0.35,10.04,67,18,31,0.03,0,0.05,188,349,432,0,human_fall,no,10,,,,,
7696,-88,-644,16832,0,-0.36,10.1,65,19,32,-0.03,0.06,-0.01,186,346,439,0,human_fall,no,11,,,,,
8396,-28,-608,16808,0.03,-0.36,10.06,68,19,33,0.16,0,0.05,187,338,436,0,human_fall,no,12,,,,,
9096,-16,-692,16952,0.01,-0.4,10.15,63,18,31,-0.09,0,-0.01,191,337,420,0,human_fall,no,13,,,,,
9795,-4,-600,17044,0.01,-0.36,10.14,67,20,35,-0.09,0.06,0.18,183,342,445,0,human_fall,no,14,,,,,
10496,-112,-664,16836,-0.02,-0.37,10.12,69,18,35,-0.09,0.06,0.05,178,329,429,0,human_fall,no,15,,,,,
observation 37,,,,,,,,,,,,,,,,,,,,,,,,
697,-72,-644,16832,0.02,-0.37,10.1,65,18,32,0.03,0,-0.01,141,200,257,0,human_fall,yes,1,,,,,
1396,-48,-656,16952,-0.01,-0.37,10.08,65,21,33,-0.03,0.06,-0.13,134,193,243,0,human_fall,no,2,,,,,
2097,-40,-540,16800,-0.02,-0.33,10.06,66,19,33,-0.09,-0.06,-0.07,127,182,226,0,human_fall,no,3,,,,,
2796,-148,-564,16828,-0.02,-0.32,10.1,62,18,34,-0.21,0.13,0.11,122,172,209,0,human_fall,no,4,,,,,
3496,48,-640,16928,0.02,-0.39,10.1,65,18,32,-0.09,-0.06,0.11,122,172,211,0,human_fall,no,5,,,,,
4196,-64,-700,16848,-0.02,-0.44,10.06,66,20,34,-0.03,0.06,-0.07,124,173,210,0,human_fall,no,6,,,,,
4896,-52,-608,16916,-0.06,-0.37,10.09,67,18,32,0.1,0.13,-0.01,128,175,219,0,human_fall,no,7,,,,,
5597,-40,-608,16928,0.01,-0.32,10.09,68,19,32,0.03,0.06,0.11,123,171,216,0,human_fall,no,8,,,,,
6296,-96,-724,16800,-0.02,-0.37,10,69,16,31,0.1,-0.12,-0.19,149,227,293,0,human_fall,no,9,,,,,
6996,-124,-588,16964,-0.04,-0.36,10.22,66,19,32,-0.03,0.06,-0.01,158,269,340,0,human_fall,no,10,,,,,
7696,-4,-600,16832,-0.02,-0.34,10.03,65,21,33,-0.03,0,-0.07,181,298,395,0,human_fall,no,11,,,,,
8396,56,-516,16888,0.03,-0.34,10.04,65,17,30,0.03,-0.06,-0.01,184,307,402,0,human_fall,no,12,,,,,
9096,-40,-632,16924,-0.03,-0.37,10.05,65,18,33,-0.15,0,-0.01,190,314,404,0,human_fall,no,13,,,,,
9796,-116,-568,16828,0.01,-0.35,10.09,67,18,32,0.1,0,-0.07,182,306,406,0,human_fall,no,14,,,,,
10495,-12,-672,16820,0.03,-0.38,10.11,69,18,33,0.34,0.06,-0.01,179,338,421,0,human_fall,no,15,,,,,
observation 38,,,,,,,,,,,,,,,,,,,,,,,,
695,-60,-588,16908,-0.04,-0.39,10.06,64,18,33,0.03,0,-0.07,123,149,164,0,human_fall,yes,1,,,,,
1395,-180,-628,16836,-0.04,-0.35,10.04,65,19,32,-0.03,0.06,0.11,124,158,179,0,human_fall,no,2,,,,,
2095,48,-600,16788,0.02,-0.34,10.07,63,19,28,-0.03,-0.12,-0.19,123,151,177,0,human_fall,no,3,,,,,
2795,-32,-608,16880,-0.05,-0.37,10.14,69,19,32,0.1,0,0.11,123,153,174,0,human_fall,no,4,,,,,
3220,24,-576,17004,-0.03,-0.36,10.11,65,19,35,-0.15,0.13,-0.13,128,156,191,9,human_fall,no,5,,,,,
3253,20,-556,16884,-0.05,-0.36,10.22,67,12,30,0.1,-0.97,-0.07,131,158,189,14,human_fall,no,6,,,,,
3263,152,-580,16560,-0.07,-0.33,10.19,136,103,49,7.78,5.13,1.21,128,158,190,3,human_fall,no,7,,,,,
3963,8,-588,16904,-0.06,-0.41,10.15,64,19,33,0.1,0,-0.07,128,152,190,0,human_fall,no,8,,,,,
4663,48,-640,16900,0.02,-0.36,10.13,67,20,31,0.03,0.13,-0.07,153,212,281,0,human_fall,no,9,,,,,
5363,16,-624,16892,0.02,-0.33,10.04,65,19,33,-0.09,0,0.05,172,252,354,0,human_fall,no,10,,,,,
6063,-56,-612,16872,-0.05,-0.35,10.09,66,22,32,0.1,0.13,0.05,183,287,394,0,human_fall,no,11,,,,,
6763,-44,-536,16848,-0.03,-0.33,10.07,62,18,33,-0.15,0,0.05,184,330,419,0,human_fall,no,12,,,,,
7462,-60,-628,16992,-0.01,-0.36,10.08,64,17,32,-0.03,0,-0.01,182,319,413,0,human_fall,no,13,,,,,
8163,60,-528,16880,0.05,-0.36,10.13,64,19,30,0.03,0.06,-0.01,174,294,378,0,human_fall,no,14,,,,,
8862,-140,-580,16920,-0.03,-0.39,10.1,67,19,34,-0.03,-0.06,0.05,170,290,356,0,human_fall,no,15,,,,,
9563,24,-572,17000,0.01,-0.34,10.17,66,18,32,0.16,0,-0.07,164,267,333,0,human_fall,no,,,,,,
10262,104,-520,16940,-0.01,-0.32,10.02,65,19,31,0.03,-0.18,-0.01,159,251,303,0,human_fall,no,,,,,,
observation 39,,,,,,,,,,,,,,,,,,,,,,,,
695,-4,-616,16840,0.01,-0.36,10.1,65,16,30,0.16,0,0.11,123,153,204,0,human_fall,yes,1,,,,,
1396,-80,-704,16944,0.02,-0.41,10.1,65,20,33,0.1,-0.06,0.05,123,158,212,0,human_fall,no,2,,,,,
2095,40,-564,16896,0,-0.4,10.09,63,18,34,-0.21,-0.06,-0.07,119,144,197,0,human_fall,no,3,,,,,
2796,-88,-564,16856,-0.04,-0.35,10.13,67,19,32,0.22,-0.06,-0.13,115,133,179,0,human_fall,no,4,,,,,
3496,-72,-616,16780,0.01,-0.32,10.07,66,20,32,-0.03,0.06,0.18,109,123,166,0,human_fall,no,5,,,,,
4195,-76,-672,16736,-0.02,-0.43,10.02,68,21,31,0.03,-0.12,-0.01,109,116,155,0,human_fall,no,6,,,,,
4896,0,-580,16836,-0.02,-0.36,10.11,64,19,35,0.03,-0.06,0.18,103,109,142,0,human_fall,no,7,,,,,
5595,-40,-568,16908,-0.02,-0.34,10.1,63,19,32,-0.09,0.06,0.05,138,210,260,0,human_fall,no,8,,,,,
6296,-28,-564,16788,0.01,-0.35,10.1,65,22,32,-0.09,0.06,-0.01,149,223,292,0,human_fall,no,9,,,,,
6995,20,-620,16848,0,-0.34,10.13,66,20,31,0.1,0.06,0.05,154,224,300,0,human_fall,no,10,,,,,
7696,-56,-596,16976,-0.04,-0.32,10.16,63,18,33,-0.21,-0.18,-0.07,151,215,280,0,human_fall,no,11,,,,,
8395,24,-644,16924,-0.06,-0.4,10.14,65,19,32,0.03,-0.06,-0.07,147,206,264,0,human_fall,no,12,,,,,
9095,44,-584,16804,0.03,-0.35,10.05,65,19,36,0.16,0.13,0.05,139,202,244,0,human_fall,no,13,,,,,
9795,-16,-712,16932,-0.02,-0.41,10.08,65,18,31,-0.15,0,0.11,142,203,247,0,human_fall,no,14,,,,,
10495,-56,-572,17008,-0.01,-0.37,10.12,66,18,34,0.03,0,0.24,140,201,237,0,human_fall,no,15,,,,,
observation 40,,,,,,,,,,,,,,,,,,,,,,,,
696,24,-584,16972,0.02,-0.36,10.12,65,18,33,0.03,-0.06,0.03,124,162,256,0,human_fall,yes,1,,,,,
1317,-44,-528,16716,0.54,-0.05,8.14,21,11,27,-1.8,-0.98,-0.39,127,157,242,77,human_fall,no,2,,,,,
1354,-104,-520,16980,-0.02,-0.35,10.01,63,17,34,-0.15,-0.31,0.09,122,152,225,11,human_fall,no,3,,,,,
1386,48,-688,17276,-0.01,-0.39,10.15,69,-1,31,-0.03,0.06,0.22,115,134,208,2,human_fall,no,4,,,,,
1432,-36,-612,17000,-0.02,-0.37,9.96,87,47,38,2.72,2.68,0.52,123,148,213,9,human_fall,no,5,,,,,
1460,-168,-620,17080,0.06,-0.41,10.1,61,-6,28,0.46,1.34,-0.21,119,148,194,0,human_fall,no,6,,,,,
2161,-76,-652,16976,0,-0.37,10.18,65,17,35,0.03,-0.19,0.03,113,143,187,0,human_fall,no,7,,,,,
2860,-48,-548,17012,0,-0.38,10.18,63,19,31,-0.21,0,-0.09,144,213,299,0,human_fall,no,8,,,,,
3561,60,-608,17012,0.01,-0.36,10.11,66,20,31,-0.09,0,-0.03,156,231,319,0,human_fall,no,9,,,,,
4260,-8,-572,16820,-0.05,-0.34,10.09,69,19,33,0.1,-0.06,0.03,159,250,338,0,human_fall,no,10,,,,,
4960,-88,-676,16876,-0.01,-0.38,10.16,63,21,31,-0.03,0.06,-0.09,166,247,334,0,human_fall,no,11,,,,,
5660,-16,-620,16880,0.01,-0.36,10.02,66,17,31,0.03,0,-0.03,153,240,316,0,human_fall,no,12,,,,,
6360,-16,-624,16944,-0.02,-0.38,10.13,64,21,30,0.1,0.18,0.09,150,235,299,0,human_fall,no,13,,,,,
7060,0,-552,16832,0.02,-0.38,10.13,64,19,34,-0.03,-0.13,-0.03,145,234,287,0,human_fall,no,14,,,,,
7760,-24,-576,16816,0.01,-0.36,10.14,66,21,32,0.1,0.06,0.09,150,236,281,0,human_fall,no,15,,,,,
8459,-92,-632,16972,-0.02,-0.32,10.16,68,20,36,0.1,-0.13,0.15,142,209,261,0,human_fall,no,16,,,,,
9160,-12,-640,16860,0.02,-0.4,10.02,65,19,32,0.1,0.06,0.09,139,174,236,0,human_fall,no,17,,,,,
9860,-20,-592,16976,0.02,-0.32,10.13,66,21,32,-0.03,0,0.03,130,163,220,0,human_fall,no,18,,,,,
10560,-72,-600,16904,-0.04,-0.37,10.16,63,19,33,-0.03,-0.06,-0.03,126,149,195,0,human_fall,no,19,,,,,
observation 41,,,,,,,,,,,,,,,,,,,,,,,,
696,12,-608,16956,0.02,-0.4,10.07,67,22,34,-0.09,0.06,0.09,105,163,190,0,human_fall,yes,1,,,,,
1395,-12,-624,17092,-0.02,-0.39,10.07,62,20,33,-0.15,0.12,-0.03,106,164,187,0,human_fall,no,2,,,,,
2096,-4,-568,16768,0.01,-0.34,10.1,68,21,31,0.03,0.06,0.03,108,172,200,0,human_fall,no,3,,,,,
2795,16,-672,16912,-0.03,-0.39,10.09,63,21,31,-0.03,0.06,-0.15,111,173,205,0,human_fall,no,4,,,,,
3496,-16,-652,16868,0.02,-0.42,10.2,67,21,35,0.03,0,0.03,109,172,210,0,human_fall,no,5,,,,,
4195,-56,-656,16896,-0.06,-0.44,10.02,65,16,34,-0.03,0,0.03,127,187,245,0,human_fall,no,6,,,,,
4895,-40,-620,16856,-0.09,-0.34,10.09,65,18,31,0.03,-0.06,0.03,126,190,258,0,human_fall,no,7,,,,,
5596,4,-540,16920,-0.03,-0.33,10.09,65,18,32,0.1,-0.13,0.03,124,190,249,0,human_fall,no,8,,,,,
6295,40,-592,16780,0.01,-0.33,9.98,69,19,31,0.16,0.12,-0.09,125,186,244,0,human_fall,no,9,,,,,
6996,40,-656,16864,-0.01,-0.4,10.16,64,17,34,-0.09,-0.13,0.03,126,179,232,0,human_fall,no,10,,,,,
7695,-32,-632,16904,-0.03,-0.34,10.07,69,19,34,-0.09,0.12,0.03,116,179,219,0,human_fall,no,11,,,,,
8396,-108,-564,16892,0.03,-0.38,10.09,65,20,34,0.28,-0.19,-0.03,114,181,215,0,human_fall,no,12,,,,,
9095,16,-660,16880,-0.06,-0.41,10.04,64,18,30,-0.09,0.06,-0.15,112,171,204,0,human_fall,no,13,,,,,
9795,-68,-608,16888,-0.06,-0.36,10.16,65,18,32,0.03,0.12,0.22,113,172,203,0,human_fall,no,14,,,,,
10495,44,-588,16844,-0.02,-0.39,10.19,65,21,32,0.03,0,0.09,108,162,190,0,human_fall,no,15,,,,,
observation 42,,,,,,,,,,,,,,,,,,,,,,,,
695,0,-668,16932,0,-0.37,10.06,66,20,33,-0.03,0.06,-0.03,109,149,186,0,human_fall,yes,1,,,,,
1396,-24,-640,16832,-0.06,-0.36,10.21,67,19,31,0.03,0,-0.03,107,154,187,0,human_fall,no,2,,,,,
2095,16,-676,16820,0.01,-0.36,10.09,66,20,34,0.03,0,-0.03,109,158,189,0,human_fall,no,3,,,,,
2795,-100,-576,16872,-0.05,-0.36,10.07,65,18,36,-0.03,0.12,-0.03,115,166,203,0,human_fall,no,4,,,,,
3327,76,-588,17020,0.24,-0.35,9.83,64,31,35,0.64,1.64,0.09,121,180,216,18,human_fall,no,5,,,,,
4026,0,-684,16948,0.04,-0.39,10.04,64,23,34,-0.15,0,0.03,117,175,218,0,human_fall,no,6,,,,,
4727,-36,-620,16900,-0.03,-0.35,10.13,64,18,36,-0.21,0,0.09,131,187,259,0,human_fall,no,7,,,,,
5426,-68,-648,16868,-0.06,-0.42,10.11,68,19,33,0.03,0.06,0.03,146,225,321,0,human_fall,no,8,,,,,
6126,-24,-636,16868,0,-0.34,10.16,66,19,35,-0.03,0,0.03,154,227,317,0,human_fall,no,9,,,,,
6826,-88,-620,16920,-0.04,-0.37,10.13,65,21,33,-0.03,-0.06,-0.09,151,219,302,0,human_fall,no,10,,,,,
7526,-44,-600,16876,-0.03,-0.37,10.08,67,18,32,0.1,0.06,-0.09,141,202,282,0,human_fall,no,11,,,,,
8226,-80,-500,16924,-0.05,-0.34,9.99,62,17,34,-0.21,0,0.03,134,196,261,0,human_fall,no,12,,,,,
8926,-12,-616,16820,-0.02,-0.36,10.1,66,18,32,-0.03,0,-0.09,133,187,248,0,human_fall,no,13,,,,,
9626,-84,-556,16980,-0.05,-0.34,10.12,66,19,33,0.1,0.06,-0.15,131,180,234,0,human_fall,no,14,,,,,
10326,-20,-620,16920,-0.06,-0.38,10.08,66,20,34,-0.09,0,0.15,124,167,213,0,human_fall,no,15,,,,,
observation 43,,,,,,,,,,,,,,,,,,,,,,,,
695,-84,-584,16920,0,-0.37,10.16,65,20,34,0.1,0.12,0.03,114,136,180,0,human_fall,yes,1,,,,,
1395,-172,-644,16796,-0.03,-0.39,10.12,66,20,32,-0.09,0.06,-0.03,111,138,182,0,human_fall,no,2,,,,,
1828,-60,-620,16876,0.37,-0.31,9.13,61,37,34,-0.09,0.79,0.09,110,139,184,6,human_fall,no,3,,,,,
2528,28,-544,16952,-0.01,-0.42,10.17,63,17,33,-0.15,0.06,-0.09,117,152,202,0,human_fall,no,4,,,,,
3228,-32,-612,16896,-0.05,-0.35,10.1,66,20,32,0.03,0.12,0.09,150,216,303,0,human_fall,no,5,,,,,
3928,-36,-708,16916,-0.04,-0.4,10.07,65,18,31,-0.03,-0.06,0.03,172,256,376,0,human_fall,no,6,,,,,
4628,-12,-644,16772,0.02,-0.38,10.06,65,19,35,-0.27,0.06,0.15,183,259,395,0,human_fall,no,7,,,,,
5328,-56,-656,16848,-0.03,-0.39,10.1,63,18,33,-0.03,0.06,0.15,182,256,384,0,human_fall,no,8,,,,,
6028,-52,-588,16844,0,-0.37,10.03,66,18,33,0.16,-0.06,-0.03,170,243,358,0,human_fall,no,9,,,,,
6727,-60,-640,16828,0,-0.33,10.17,69,23,32,0.1,0.3,-0.03,168,233,346,0,human_fall,no,10,,,,,
7428,-124,-576,16820,-0.03,-0.37,10.07,64,20,35,-0.03,0.12,0.03,166,225,331,0,human_fall,no,11,,,,,
8127,-68,-568,16904,0,-0.36,10.05,69,20,32,0.03,-0.13,-0.03,162,229,334,0,human_fall,no,12,,,,,
8828,-52,-648,16876,-0.02,-0.36,10.11,65,19,33,-0.09,-0.31,-0.03,161,223,313,0,human_fall,no,13,,,,,
9527,-84,-636,16872,-0.03,-0.37,10.16,64,19,33,-0.03,0,-0.15,154,219,292,0,human_fall,no,14,,,,,
10227,16,-636,16844,-0.02,-0.37,10.13,65,19,33,0.03,0,-0.03,144,209,272,0,human_fall,no,15,,,,,
observation 44,,,,,,,,,,,,,,,,,,,,,,,,
696,-4,-560,16688,-0.04,-0.33,10.06,66,19,32,-0.03,0.12,0.03,122,181,204,0,human_fall,yes,1,,,,,
1395,-44,-576,16872,0.03,-0.39,10.08,64,22,34,-0.09,0.18,0.09,130,189,211,0,human_fall,no,2,,,,,
2096,12,-660,16848,-0.03,-0.35,10.14,66,18,32,0.03,-0.19,-0.03,122,185,208,0,human_fall,no,3,,,,,
2791,492,-472,16892,1.13,-0.12,5.73,32,32,27,-1.12,0.18,-0.09,123,182,203,85,human_fall,no,4,,,,,
3491,-12,-572,16992,-0.01,-0.35,10.2,66,17,32,0.1,0,-0.03,126,186,205,0,human_fall,no,5,,,,,
4191,72,-560,16828,0.01,-0.37,10.14,64,20,33,-0.09,0.18,-0.03,139,214,257,0,human_fall,no,6,,,,,
4891,-64,-600,16996,0.01,-0.36,10.16,63,17,34,-0.09,0,-0.09,149,216,268,0,human_fall,no,7,,,,,
5592,72,-576,16936,-0.03,-0.36,10.02,67,18,31,0.1,0,-0.03,148,219,277,0,human_fall,no,8,,,,,
6291,-56,-676,16944,-0.06,-0.39,10.04,64,20,36,-0.03,0,-0.09,147,227,274,0,human_fall,no,9,,,,,
6991,-32,-620,16876,-0.02,-0.39,10.09,67,17,31,0.03,-0.19,-0.09,145,220,259,0,human_fall,no,10,,,,,
7691,-16,-676,16848,-0.01,-0.4,10.08,66,19,32,-0.09,-0.06,0.03,142,215,247,0,human_fall,no,11,,,,,
8391,0,-700,16808,-0.02,-0.38,10.22,64,19,31,-0.03,-0.13,0.03,139,211,235,0,human_fall,no,12,,,,,
9091,56,-604,16816,0.02,-0.38,10.11,64,20,31,0.1,0.06,-0.09,136,200,227,0,human_fall,no,13,,,,,
9791,-24,-504,16964,-0.06,-0.38,10.09,67,22,29,-0.03,0.06,-0.03,130,187,201,0,human_fall,no,14,,,,,
10490,-104,-604,16956,-0.03,-0.39,10.12,66,19,31,0.03,0,0.03,125,179,190,0,human_fall,no,15,,,,,
observation 45,,,,,,,,,,,,,,,,,,,,,,,,
696,-52,-568,16772,-0.02,-0.35,9.96,65,20,31,-0.03,-0.06,0.09,119,164,191,0,human_fall,yes,1,,,,,
1396,48,-580,16744,0.01,-0.32,10.11,68,20,33,0.22,0,-0.09,123,180,215,0,human_fall,no,2,,,,,
2096,-184,-656,16876,-0.06,-0.36,9.99,65,19,31,-0.09,0,-0.03,128,187,228,0,human_fall,no,3,,,,,
2795,-24,-604,16920,-0.02,-0.37,10.1,65,19,31,0.16,0.12,-0.03,140,206,282,0,human_fall,no,4,,,,,
3496,28,-544,16744,-0.04,-0.36,10.12,63,21,33,0.1,0.06,0.03,159,240,336,0,human_fall,no,5,,,,,
4195,-16,-588,16732,0,-0.36,10.06,65,19,30,0.03,0,-0.09,174,245,353,0,human_fall,no,6,,,,,
4896,-140,-576,16888,0,-0.38,10.05,66,18,31,0.1,0,-0.03,164,243,337,0,human_fall,no,7,,,,,
5595,-12,-684,16912,-0.02,-0.38,10.07,67,19,36,0.16,0,0.09,173,245,338,0,human_fall,no,8,,,,,
6295,24,-616,16744,0,-0.31,10.03,65,19,35,0.03,0.06,0.03,169,243,328,0,human_fall,no,9,,,,,
6995,-72,-640,16840,0.01,-0.44,10.05,67,19,35,0.03,0.06,0.09,163,233,316,0,human_fall,no,10,,,,,
7695,32,-616,16940,-0.01,-0.42,10.1,65,19,30,-0.03,-0.19,-0.03,164,227,310,0,human_fall,no,11,,,,,
8396,-76,-648,16856,-0.04,-0.38,10.1,66,18,31,0.03,-0.13,-0.15,162,218,294,0,human_fall,no,12,,,,,
9095,-76,-568,16824,-0.03,-0.33,10.15,65,19,30,-0.15,0.12,-0.21,150,210,275,0,human_fall,no,13,,,,,
9795,68,-684,16740,-0.01,-0.41,10.01,65,17,34,0.03,-0.06,0.09,141,199,251,0,human_fall,no,14,,,,,
10495,-80,-636,16920,-0.09,-0.39,10.14,64,17,33,-0.21,-0.19,0.03,145,183,235,0,human_fall,no,15,,,,,
observation 46,,,,,,,,,,,,,,,,,,,,,,,,
696,-16,-588,16844,0.05,-0.35,10.1,66,19,34,0.11,0.06,0.05,142,233,248,0,human_fall,yes,1,,,,,
1396,-24,-704,16940,-0.01,-0.43,10.16,65,17,31,-0.07,0.18,0.05,138,229,253,0,human_fall,no,2,,,,,
2096,-92,-616,16824,-0.06,-0.34,10.06,66,19,34,0.05,0.12,0.05,135,216,235,0,human_fall,no,3,,,,,
2492,320,-976,15208,0.7,-1.11,5.87,35,35,30,-2.45,-1.83,-0.25,128,209,219,54,human_fall,no,4,,,,,
3193,-104,-652,16976,0.01,-0.41,10.12,64,18,34,0.11,0.06,-0.07,126,208,221,0,human_fall,no,5,,,,,
3893,-100,-592,16776,-0.02,-0.31,10.07,66,18,31,-0.07,-0.13,0.11,156,220,309,0,human_fall,no,6,,,,,
4592,-8,-628,16944,0.03,-0.39,10.12,66,22,33,-0.01,0.18,0.05,164,229,324,0,human_fall,no,7,,,,,
5293,0,-584,16856,0.02,-0.32,10.05,67,20,33,0.11,0,0.05,176,234,331,0,human_fall,no,8,,,,,
5992,0,-696,16928,-0.05,-0.37,10.03,65,20,31,-0.13,0,0.17,170,247,339,0,human_fall,no,9,,,,,
6693,44,-628,16784,0.02,-0.4,10.04,66,18,31,0.11,0,-0.01,170,249,331,0,human_fall,no,10,,,,,
7392,-28,-528,16920,-0.01,-0.33,10.06,66,20,29,-0.13,0.12,-0.07,170,240,318,0,human_fall,no,11,,,,,
8092,-36,-628,16940,0.02,-0.35,10.05,65,20,33,0.05,0.18,-0.01,164,240,306,0,human_fall,no,12,,,,,
8792,0,-588,16852,-0.04,-0.32,10.15,64,22,32,-0.19,0.18,-0.07,159,237,293,0,human_fall,no,13,,,,,
9492,20,-624,16892,-0.04,-0.38,10.12,65,21,32,-0.01,0.06,-0.07,152,233,275,0,human_fall,no,14,,,,,
10192,-60,-648,16908,-0.02,-0.34,10.2,65,24,32,0.05,0.12,-0.07,143,218,254,0,human_fall,no,15,,,,,
observation 47,,,,,,,,,,,,,,,,,,,,,,,,
695,4,-692,17028,-0.02,-0.37,10.12,68,19,32,0.05,0,-0.07,121,131,199,0,human_fall,yes,1,,,,,
1396,20,-664,16884,-0.03,-0.39,10.07,66,22,34,0.05,0,0.17,115,127,184,0,human_fall,no,2,,,,,
2095,-32,-660,16876,-0.03,-0.39,10.14,63,18,32,-0.07,-0.13,-0.07,111,126,174,0,human_fall,no,3,,,,,
2796,-32,-636,16988,-0.06,-0.38,10.15,67,16,34,-0.01,-0.19,0.05,111,131,173,0,human_fall,no,4,,,,,
3495,-80,-608,16972,-0.05,-0.29,10.13,62,19,33,-0.01,0,-0.19,110,125,167,0,human_fall,no,5,,,,,
4195,-80,-676,16832,-0.04,-0.39,10.09,66,18,34,0.05,-0.06,-0.13,111,129,162,0,human_fall,no,6,,,,,
4895,-88,-628,16800,-0.03,-0.38,10.07,65,19,34,-0.01,-0.06,-0.01,104,121,149,0,human_fall,no,7,,,,,
5595,-104,-628,16820,-0.05,-0.35,10.16,64,18,34,0.05,-0.06,0.05,142,171,246,0,human_fall,no,8,,,,,
6296,-24,-680,17000,0,-0.38,10.15,65,19,30,-0.01,-0.06,-0.01,149,207,262,0,human_fall,no,9,,,,,
6995,-68,-616,16892,-0.04,-0.38,10.14,63,18,31,-0.13,-0.13,0.11,145,207,248,0,human_fall,no,10,,,,,
7695,-44,-568,16920,0.01,-0.42,10.1,67,20,31,0.05,0,-0.13,143,202,234,0,human_fall,no,11,,,,,
8395,-36,-668,16896,-0.02,-0.4,10.11,64,19,31,-0.13,0.12,-0.01,137,198,218,0,human_fall,no,12,,,,,
9095,-52,-560,16940,-0.03,-0.33,10.08,67,20,31,0.23,0.18,-0.07,139,187,217,0,human_fall,no,13,,,,,
9795,-96,-568,16948,0.01,-0.35,10.14,64,19,33,0.05,0.12,0.11,130,174,201,0,human_fall,no,14,,,,,
10495,-24,-580,16796,0.01,-0.34,10.09,66,19,32,0.05,0,0.05,125,163,184,0,human_fall,no,15,,,,,
observation 48,,,,,,,,,,,,,,,,,,,,,,,,
695,0,-652,16784,0.01,-0.34,10.08,66,16,33,-0.13,-0.06,0.05,117,168,174,0,human_fall,yes,1,,,,,
1395,-40,-616,16928,-0.01,-0.35,10.13,65,21,29,0.11,-0.06,-0.07,118,166,181,0,human_fall,no,2,,,,,
2095,-12,-604,16872,-0.03,-0.39,10.12,62,22,35,-0.19,0.12,-0.07,113,159,170,0,human_fall,no,3,,,,,
2795,12,-596,16872,-0.01,-0.4,10.1,64,20,32,-0.01,0.06,0.05,115,155,162,0,human_fall,no,4,,,,,
3495,4,-640,16908,0,-0.38,10.1,65,19,31,-0.01,-0.19,0.11,130,182,218,0,human_fall,no,5,,,,,
4195,-36,-568,16968,0,-0.34,10.1,66,19,35,0.05,-0.13,0.05,195,270,401,0,human_fall,no,6,,,,,
4894,-112,-708,16728,-0.05,-0.38,10.06,65,19,34,-0.07,0.06,0.05,194,276,402,0,human_fall,no,7,,,,,
5595,-148,-592,16972,-0.09,-0.35,10.15,64,18,34,-0.25,0.12,-0.07,205,279,398,0,human_fall,no,8,,,,,
6295,24,-668,16912,0.02,-0.32,10.04,65,18,36,-0.13,0.06,-0.01,196,270,385,0,human_fall,no,9,,,,,
6995,8,-544,16832,0.01,-0.34,10.09,66,18,32,-0.01,0.06,-0.13,199,256,375,0,human_fall,no,10,,,,,
7695,-44,-572,16856,-0.05,-0.34,10.12,66,16,32,-0.07,-0.19,-0.01,180,244,346,0,human_fall,no,11,,,,,
8394,-72,-572,16944,0.01,-0.33,10.21,66,18,33,0.11,-0.06,0.11,180,236,325,0,human_fall,no,12,,,,,
9095,-24,-652,16876,-0.04,-0.36,10.08,67,21,33,0.11,0.12,-0.13,174,223,302,0,human_fall,no,13,,,,,
9794,-36,-544,16872,-0.02,-0.4,10.14,65,18,32,0.05,0.06,0.05,163,206,278,0,human_fall,no,14,,,,,
10495,-84,-576,16912,-0.08,-0.36,10.14,66,21,32,-0.07,0.18,-0.01,156,191,252,0,human_fall,no,15,,,,,
observation 49,,,,,,,,,,,,,,,,,,,,,,,,
696,16,-676,16832,-0.03,-0.33,10.05,68,22,31,0.05,0,-0.07,125,169,209,0,human_fall,yes,1,,,,,
1395,8,-620,16808,-0.05,-0.39,10.16,65,18,32,0.05,0.12,-0.01,128,178,213,0,human_fall,no,2,,,,,
2096,4,-604,16888,0.01,-0.37,10.12,68,19,33,0.17,0.06,0.17,121,181,203,0,human_fall,no,3,,,,,
2795,-48,-552,16956,0.02,-0.4,10.06,66,20,30,-0.01,0.18,-0.07,117,169,184,0,human_fall,no,4,,,,,
3496,-68,-612,16800,-0.02,-0.37,10.08,63,20,35,-0.13,0.12,-0.01,113,172,182,0,human_fall,no,5,,,,,
4195,-40,-644,16948,-0.05,-0.38,10.08,68,20,32,0.11,0.12,-0.01,118,183,199,0,human_fall,no,6,,,,,
4895,-80,-616,16908,-0.05,-0.34,10.02,67,20,32,-0.01,0.12,0.05,185,298,437,0,human_fall,no,7,,,,,
5595,-36,-632,16852,-0.03,-0.41,10.11,66,20,33,0.23,-0.19,0.11,201,331,445,0,human_fall,no,8,,,,,
6295,36,-640,16936,0.06,-0.4,10.09,64,20,31,-0.13,0,-0.01,197,326,444,0,human_fall,no,9,,,,,
6996,-48,-632,16840,-0.06,-0.36,10.09,66,18,30,0.11,0.12,-0.01,205,336,434,0,human_fall,no,10,,,,,
7695,-92,-652,16860,-0.06,-0.35,10.07,66,18,33,-0.07,-0.13,-0.13,201,330,420,0,human_fall,no,11,,,,,
8395,-24,-572,16856,0.01,-0.36,10.12,66,20,33,-0.19,0.12,0.05,186,309,391,0,human_fall,no,12,,,,,
9095,-20,-544,16932,0,-0.37,10.05,66,20,33,-0.13,0.06,0.11,186,288,357,0,human_fall,no,13,,,,,
9795,-16,-636,16972,-0.01,-0.39,10.05,68,22,32,0.17,0.24,-0.07,174,272,329,0,human_fall,no,14,,,,,
10495,-76,-568,16676,0,-0.37,10.06,66,20,34,-0.07,0,0.23,167,253,302,0,human_fall,no,15,,,,,
observation 50,,,,,,,,,,,,,,,,,,,,,,,,
696,108,-596,16880,0.03,-0.37,10.14,63,18,32,-0.06,-0.13,0.02,126,142,184,0,human_fall,yes,1,,,,,
1395,-4,-632,17060,0.03,-0.35,10.14,68,19,32,0.06,0.05,0.02,120,140,183,0,human_fall,no,2,,,,,
2096,-12,-636,16896,-0.05,-0.37,10.17,69,18,34,0.06,0.05,0.14,121,142,177,0,human_fall,no,3,,,,,
2795,-104,-612,16868,-0.02,-0.34,10.09,67,20,31,-0.06,-0.01,0.14,116,140,172,0,human_fall,no,4,,,,,
3496,-24,-672,16680,0.02,-0.39,10.09,65,21,32,0,0.24,-0.04,114,140,162,0,human_fall,no,5,,,,,
4195,-128,-584,16956,-0.03,-0.33,10.14,65,16,35,0,-0.07,0.14,178,234,357,0,human_fall,no,6,,,,,
4895,56,-672,16932,0.02,-0.4,10.05,66,19,34,0.06,-0.07,-0.04,228,297,469,0,human_fall,no,7,,,,,
5596,28,-504,16988,0.04,-0.39,10.08,69,20,33,0.12,-0.01,0.02,218,297,458,0,human_fall,no,8,,,,,
6295,-32,-588,16868,-0.01,-0.34,10.14,63,22,34,0,0.11,0.02,221,285,441,0,human_fall,no,9,,,,,
6996,-40,-604,16856,0.01,-0.36,10.18,67,19,30,0.06,-0.13,-0.04,224,280,431,0,human_fall,no,10,,,,,
7695,-88,-592,16864,-0.02,-0.38,10.1,64,20,31,-0.06,-0.07,0.08,213,276,413,0,human_fall,no,11,,,,,
8395,16,-592,16908,0,-0.38,10.16,63,20,33,0.06,-0.01,0.02,205,260,383,0,human_fall,no,12,,,,,
9095,-8,-576,16844,0.02,-0.36,10.06,68,20,30,0.06,-0.07,-0.1,197,241,346,0,human_fall,no,13,,,,,
9795,4,-632,16788,0.01,-0.39,10.12,65,20,34,0,0.05,0.08,193,227,328,0,human_fall,no,14,,,,,
10495,0,-612,16816,0.04,-0.35,10.07,67,14,34,0,0.05,-0.04,185,218,301,0,human_fall,no,15,,,,,