Time,ACC_X.raw,ACC_Y.raw,ACC_Z.raw,ACC_X.norm,ACC_Y.norm,ACC_Z.norm,GYRO_X.raw,GYRO_Y.raw,GYRO_Z.raw,GYRO_X.norm,GYRO_Y.norm,GYRO_Z.norm,Ceramic_Piezo,Film_Piezo,Weighted_Film_Piezo,Vibration_Sensor,Activity_Name ,New_Window
observation 1,,,,,,,,,,,,,,,,,,
697,248,-532,16848,0.05,-0.38,10.07,64,16,30,-0.05,-0.05,0.02,223,225,203,0,object_fall,
944,704,-156,17160,1.23,-0.18,2.69,67,-16,29,0.44,-0.48,-0.1,188,214,201,122,object_fall,
967,160,-524,16736,0.12,-0.32,9.93,61,22,30,-0.11,-0.11,0.02,191,201,244,43,object_fall,
1151,376,-308,16632,0.48,-0.19,7.64,71,15,31,0.08,-0.6,0.02,206,214,247,26,object_fall,
1850,108,-544,16828,0.05,-0.35,10.04,66,19,32,-0.05,-0.05,0.08,207,203,240,0,object_fall,
2551,152,-600,16856,0.15,-0.4,10.1,66,20,32,0.08,0.07,0.08,202,210,234,0,object_fall,
3250,120,-540,16888,0.11,-0.36,10.11,65,18,33,0.01,0.19,-0.04,202,213,235,0,object_fall,
3950,164,-584,16956,0.16,-0.35,10.13,67,23,32,0.01,0.38,0.14,200,213,232,0,object_fall,
4650,132,-576,16848,0.09,-0.28,10.14,65,20,32,-0.17,0.01,0.08,203,213,232,0,object_fall,
5350,160,-652,16868,0.12,-0.38,10.11,65,19,31,0.01,-0.05,-0.04,200,214,231,0,object_fall,
6050,108,-656,16964,0.1,-0.35,10.01,65,20,31,-0.05,0.13,-0.04,198,210,230,0,object_fall,
6750,208,-636,16632,0.07,-0.35,10.01,64,19,33,0.08,0.07,0.08,202,211,228,0,object_fall,
7449,176,-600,16768,0.14,-0.35,10.07,67,20,32,0.08,0.01,0.14,198,213,226,0,object_fall,
8150,144,-572,16752,0.06,-0.36,10.04,65,20,33,0.01,0.13,0.08,201,211,226,0,object_fall,
8849,120,-588,16884,0.04,-0.39,10.08,67,17,33,0.2,-0.05,0.14,200,212,225,0,object_fall,
9550,48,-592,16760,0.08,-0.34,10.08,68,22,31,0.01,0.01,-0.1,198,210,225,0,object_fall,
10249,132,-476,16852,0.09,-0.34,10.06,65,17,30,0.08,0.07,-0.1,199,211,225,0,object_fall,
observation 2,,,,,,,,,,,,,,,,,object_fall,
697,0,-560,16832,0.07,-0.39,10.11,66,19,32,0.14,0.07,0.14,195,217,212,0,object_fall,
1396,92,-656,16788,0.09,-0.39,10.09,62,21,30,-0.29,0.07,0.2,189,211,213,0,object_fall,
2052,1376,-484,2720,-2.49,-1.46,19.6,79,-31,30,0.5,-0.42,0.2,194,209,215,141,object_fall,
2067,88,-316,15344,0.06,-0.39,10.33,64,24,38,0.2,-0.11,0.14,193,217,254,69,object_fall,
2244,84,-540,16884,0.48,-0.19,9.09,67,15,32,0.08,-0.66,0.14,205,210,237,25,object_fall,
2943,172,-524,16824,0.14,-0.33,10.13,63,19,32,-0.11,0.01,0.08,200,196,229,0,object_fall,
3644,160,-492,16792,0.11,-0.33,10.08,66,21,32,0.01,0.13,0.14,195,203,226,0,object_fall,
4343,240,-692,16872,0.1,-0.38,10.06,66,20,32,0.01,-0.05,0.08,198,209,228,0,object_fall,
5044,100,-592,16876,0.05,-0.37,10.09,66,20,34,-0.05,0.07,0.08,196,208,228,0,object_fall,
5743,112,-552,16832,0.07,-0.33,10.05,68,19,31,0.14,-0.11,0.02,195,208,228,0,object_fall,
6443,80,-612,16788,0.12,-0.31,10.06,66,23,28,0.08,0.13,0.02,196,208,230,0,object_fall,
7143,196,-688,16868,0.15,-0.38,10.03,65,18,32,0.08,-0.05,0.14,200,210,230,0,object_fall,
7843,136,-592,16728,0.07,-0.34,10.03,67,18,31,0.08,-0.11,0.14,199,213,232,0,object_fall,
8543,208,-600,16772,0.13,-0.36,10.11,64,18,31,0.01,0.01,-0.04,198,209,232,0,object_fall,
9243,172,-596,16860,0.13,-0.3,10.07,68,21,33,0.14,0.07,-0.04,197,209,232,0,object_fall,
9942,80,-668,17004,0.06,-0.4,10.18,68,17,32,0.01,-0.17,0.14,198,210,231,0,object_fall,
10643,200,-540,16824,0.07,-0.33,10.08,62,16,32,-0.23,-0.11,-0.04,201,211,232,0,object_fall,
observation 3,,,,,,,,,,,,,,,,,object_fall,
697,136,-564,16812,0.09,-0.35,10.08,64,19,31,-0.05,0.25,0.14,193,183,210,0,object_fall,
1012,0,-308,15528,0.04,-0.35,10.26,70,24,33,0.2,-0.11,0.2,191,190,216,731,object_fall,
1025,2440,408,9308,-1.66,-0.91,11.34,70,-28,30,0.38,-0.36,-0.04,193,192,218,129,object_fall,
1725,104,-532,16932,0.06,-0.32,10.05,66,23,30,0.14,0.01,-0.04,197,195,221,0,object_fall,
2425,212,-584,16772,0.13,-0.35,10.03,65,20,31,-0.05,0.07,0.02,191,200,223,0,object_fall,
3124,248,-640,16852,0.1,-0.29,10.08,67,18,28,0.08,0.01,0.08,195,205,226,0,object_fall,
3825,72,-564,16848,0.11,-0.33,10.12,63,19,31,-0.23,0.13,0.02,196,206,230,0,object_fall,
4524,140,-596,16908,0.09,-0.34,10.09,66,21,27,0.08,-0.05,-0.17,199,208,231,0,object_fall,
5225,160,-564,16956,0.03,-0.36,10.09,66,18,31,0.08,-0.17,0.02,195,208,233,0,object_fall,
5924,128,-516,16740,0.08,-0.31,10.09,65,20,32,-0.05,0.25,-0.04,194,207,233,0,object_fall,
6625,208,-532,16824,0.12,-0.32,10.06,66,22,31,-0.05,0.01,-0.04,195,208,232,0,object_fall,
7325,92,-552,16892,0.11,-0.35,10.11,67,18,29,0.01,-0.05,-0.1,193,207,233,0,object_fall,
8024,100,-588,16944,0.05,-0.33,10.01,65,18,31,-0.11,-0.05,0.08,196,206,232,0,object_fall,
8725,124,-496,17028,0.07,-0.33,10.05,65,16,33,-0.05,0.01,-0.04,196,208,233,0,object_fall,
9424,96,-580,16892,0.01,-0.32,10.1,65,22,35,0.08,0.01,0.02,197,207,232,0,object_fall,
10125,156,-544,16664,0.15,-0.33,10.03,65,22,32,0.08,0.01,-0.04,200,206,232,0,object_fall,
observation 4,,,,,,,,,,,,,,,,,object_fall,
696,220,-480,16932,0.07,-0.32,10.04,67,20,29,0.14,-0.11,0.02,183,235,200,0,object_fall,
1106,2564,784,6368,-2.04,-1.51,13.84,74,-24,29,0.32,-0.3,0.08,182,219,198,137,object_fall,
1128,-76,-628,16980,0.09,-0.32,10.09,66,28,32,0.08,0.56,-0.04,189,214,202,1257,object_fall,
1829,60,-548,16832,0.05,-0.29,9.97,64,19,32,-0.11,-0.05,0.08,184,205,203,0,object_fall,
2528,124,-552,16796,0.07,-0.36,10.14,64,19,32,-0.05,0.01,0.08,186,206,204,0,object_fall,
3229,200,-584,16892,0.09,-0.34,10.09,66,18,32,-0.05,-0.11,0.14,187,207,206,0,object_fall,
3928,128,-736,16780,0.08,-0.37,10.08,62,20,29,-0.11,0.01,0.02,185,208,206,0,object_fall,
4628,172,-576,16860,0.09,-0.38,10.06,66,20,33,-0.11,0.07,0.2,186,208,208,0,object_fall,
5328,112,-540,16828,0.12,-0.34,9.99,65,19,30,0.08,0.01,0.02,187,209,210,0,object_fall,
6028,180,-608,16740,0.05,-0.35,10.07,64,17,31,0.01,-0.11,0.08,188,209,210,0,object_fall,
6729,224,-564,16904,0.07,-0.33,10.04,67,16,33,0.14,-0.11,-0.04,190,210,212,0,object_fall,
7428,76,-612,16856,0.09,-0.34,10.17,64,21,31,-0.17,0.07,0.14,189,207,214,0,object_fall,
8128,148,-552,16912,0.15,-0.28,10.05,65,21,33,-0.11,0.07,0.08,192,207,214,0,object_fall,
8828,152,-596,16832,0.08,-0.32,10.07,62,14,30,0.01,-0.11,0.08,189,206,214,0,object_fall,
9528,156,-536,16980,0.09,-0.36,10.09,64,20,31,0.01,-0.11,0.02,190,206,213,0,object_fall,
10228,180,-584,16748,0.07,-0.37,10.05,64,21,29,-0.05,-0.05,-0.04,190,208,214,0,object_fall,
observation 5,,,,,,,,,,,,,,,,,object_fall,
696,164,-628,16924,0.09,-0.35,10.1,68,23,28,-0.05,0.01,-0.04,194,225,225,0,object_fall,
902,36,-584,17168,0.02,-0.35,10.27,67,29,30,0.08,0.92,0.08,192,214,223,1721,object_fall,
1032,280,-468,16640,0.37,-0.19,9.19,65,16,32,0.2,-0.72,-0.17,191,208,216,13,object_fall,
1732,104,-540,16844,0.13,-0.37,10.09,66,18,31,-0.11,-0.05,-0.1,190,198,218,0,object_fall,
2432,140,-572,16792,0.06,-0.31,10.07,65,18,33,0.01,0.01,0.2,188,207,214,0,object_fall,
3132,64,-588,16836,0.06,-0.36,10.07,66,20,31,-0.11,-0.11,0.08,188,206,214,0,object_fall,
3832,148,-608,16792,0.07,-0.32,10.11,67,18,29,0.14,-0.05,0.02,191,206,215,0,object_fall,
4532,124,-528,16912,0.06,-0.36,10.16,65,19,29,0.01,0.01,0.08,190,204,214,0,object_fall,
5231,140,-624,16972,0.04,-0.36,10.11,64,19,30,0.01,0.13,0.08,187,205,215,0,object_fall,
5932,136,-520,16796,0.11,-0.33,10.04,65,19,29,-0.11,0.01,-0.04,188,202,214,0,object_fall,
6631,108,-548,16820,0.07,-0.34,10.08,66,19,29,0.01,0.13,0.02,187,124,186,0,object_fall,
7332,92,-576,16804,0.04,-0.31,10.02,66,20,31,0.01,0.13,-0.04,188,177,199,0,object_fall,
8031,160,-616,16768,0.05,-0.33,10.1,68,17,32,0.14,-0.11,0.26,188,191,205,0,object_fall,
8731,136,-528,16844,0.1,-0.32,10.06,67,17,33,0.08,0.07,0.08,187,226,216,0,object_fall,
9431,88,-532,16812,0.05,-0.32,10.06,67,21,33,0.08,0.07,-0.04,188,179,201,0,object_fall,
10131,112,-508,16832,0.08,-0.34,10.14,64,21,32,0.14,0.01,0.26,195,364,265,0,object_fall,
observation 6,,,,,,,,,,,,,,,,,object_fall,
695,140,-524,16688,0.05,-0.33,10.03,67,22,33,0.14,0.19,0.08,188,221,212,0,object_fall,
907,1456,20,14044,0.99,-0.2,2.43,73,-18,28,0.87,-0.72,0.26,188,213,210,137,object_fall,
926,836,-244,15924,0.19,-0.18,8.8,67,22,30,0.2,0.86,0.32,188,207,215,624,object_fall,
1098,164,-632,16832,0.42,-0.08,8.88,67,14,35,0.2,-0.84,0.08,186,197,201,40,object_fall,
1798,144,-524,16844,0.13,-0.33,10,65,21,29,-0.17,0.19,0.02,189,193,204,0,object_fall,
2498,124,-588,16832,0.06,-0.33,10.13,64,22,31,-0.05,0.19,0.2,187,202,206,0,object_fall,
3198,244,-560,16708,0.06,-0.33,10.03,68,19,32,0.14,0.01,0.08,182,206,207,0,object_fall,
3897,224,-620,16636,0.12,-0.37,10,63,21,31,0.01,0.07,-0.1,186,205,206,0,object_fall,
4598,204,-576,16776,0.12,-0.4,10.09,66,20,28,0.2,0.13,0.02,185,206,206,0,object_fall,
5297,160,-492,16920,0.11,-0.37,10.18,65,15,30,0.01,-0.11,-0.04,187,205,206,0,object_fall,
5998,124,-708,16896,0.09,-0.35,10.1,63,20,34,-0.17,0.13,0.2,186,206,205,0,object_fall,
6697,216,-516,16764,0.09,-0.33,10.15,68,18,32,0.08,-0.11,0.14,183,206,204,0,object_fall,
7397,244,-556,16848,0.12,-0.35,9.99,63,22,30,-0.11,0.19,0.02,187,204,203,0,object_fall,
8097,176,-524,16868,0.07,-0.34,10.1,69,14,31,0.14,-0.36,0.14,186,206,202,0,object_fall,
8797,108,-592,16924,0.03,-0.32,10.08,67,19,29,-0.11,-0.05,-0.1,183,204,202,0,object_fall,
9498,136,-604,16900,0.1,-0.33,10.05,64,18,31,-0.05,0.07,0.08,185,205,203,0,object_fall,
10197,132,-536,16708,0.1,-0.33,10.05,65,17,31,0.08,-0.05,-0.04,184,203,201,0,object_fall,
observation 7,,,,,,,,,,,,,,,,,object_fall,
697,136,-584,16832,0.13,-0.33,10.1,67,16,30,-0.17,-0.05,-0.04,186,242,215,0,object_fall,
782,492,-440,15820,0.13,-0.25,9.85,67,15,31,0.08,0.68,0.14,186,223,213,1635,object_fall,
1482,172,-520,16900,0.11,-0.33,10.06,66,21,30,0.01,0.07,0.02,188,210,215,0,object_fall,
2182,88,-484,16756,0.1,-0.32,10.05,67,21,31,-0.23,0.01,0.2,189,212,215,0,object_fall,
2882,128,-564,16880,0.1,-0.37,10.07,65,20,31,-0.11,-0.05,0.08,188,209,218,0,object_fall,
3581,104,-544,16776,0.01,-0.29,10.08,68,20,32,0.01,0.01,0.02,188,209,218,0,object_fall,
4282,220,-468,16860,0.08,-0.27,10.12,66,20,33,-0.05,0.07,0.08,191,208,220,0,object_fall,
4342,148,-560,16872,0.07,-0.36,10.11,66,22,33,0.14,0.13,0.14,192,212,221,0,object_fall,
4444,232,-556,16900,0.07,-0.33,10.05,65,19,32,0.01,-0.05,0.02,194,206,219,0,object_fall,
4496,124,-580,16900,0.12,-0.36,10.09,67,19,31,0.14,0.01,0.02,191,213,221,0,object_fall,
4515,180,-532,16816,0.1,-0.34,10.01,63,18,30,-0.05,-0.05,0.08,190,181,211,0,object_fall,
4675,40,-480,16992,0.1,-0.33,10.09,65,22,31,0.01,0.13,-0.17,194,182,209,0,object_fall,
5375,176,-652,16788,0.08,-0.34,10.05,67,21,30,0.14,0.01,0.08,194,187,210,0,object_fall,
6075,160,-580,16916,0.01,-0.35,10.06,68,22,29,0.08,0.19,-0.04,190,203,216,0,object_fall,
6775,84,-652,16784,0.08,-0.37,10.05,65,16,32,-0.11,-0.17,0.02,187,206,217,0,object_fall,
7475,188,-576,16800,0.02,-0.36,10.04,60,18,30,-0.23,-0.05,-0.1,195,209,220,0,object_fall,
8175,120,-556,17012,0.15,-0.32,10.08,67,19,30,-0.05,0.13,0.02,193,211,222,0,object_fall,
8874,208,-576,16832,0.09,-0.38,10.15,65,18,32,0.01,-0.11,0.02,194,209,224,0,object_fall,
9575,208,-644,16828,0.08,-0.37,10.01,64,18,30,-0.11,0.01,-0.1,195,209,223,0,object_fall,
10274,104,-504,16896,0.11,-0.34,10.01,65,20,30,-0.05,0.01,-0.04,194,207,225,0,object_fall,
observation 8,,,,,,,,,,,,,,,,,object_fall,
696,108,-568,16772,0.06,-0.34,10.03,64,22,31,0.08,0.07,0.32,192,210,214,0,object_fall,
1117,908,-444,14860,0.13,-0.22,10.4,65,31,29,0.08,0.62,0.2,190,207,215,573,object_fall,
1816,280,-532,16684,0.12,-0.39,10,65,17,29,0.14,0.07,-0.1,172,197,190,0,object_fall,
2516,76,-612,16676,0.09,-0.34,10.09,66,19,32,0.14,0.01,0.08,192,206,219,0,object_fall,
3216,160,-592,16728,0.11,-0.35,10.06,67,21,29,-0.05,0.07,-0.04,192,207,220,0,object_fall,
3916,100,-544,16776,0.11,-0.34,10.02,67,20,30,0.01,0.07,0.14,192,208,221,0,object_fall,
4616,76,-632,16776,0.1,-0.32,10.1,66,21,32,0.01,0.13,0.08,191,204,219,0,object_fall,
5316,152,-524,16840,0.08,-0.33,10.1,66,20,30,0.14,0.19,0.08,192,206,219,0,object_fall,
6015,220,-584,16804,0.14,-0.38,10.1,66,18,31,-0.05,0.01,0.08,190,207,216,0,object_fall,
6716,128,-596,16952,0.11,-0.34,10.13,67,18,29,0.08,-0.05,0.08,188,204,211,0,object_fall,
7415,140,-584,16852,0.07,-0.31,10.09,65,23,33,-0.05,0.13,0.14,187,205,210,0,object_fall,
7597,80,-548,16916,0.08,-0.34,10.06,66,17,29,0.01,-0.05,-0.29,189,208,209,0,object_fall,
8297,132,-544,16904,0.12,-0.33,10.09,66,15,31,0.01,-0.05,0.02,187,194,204,0,object_fall,
8997,68,-624,16784,0.13,-0.36,10.04,63,18,32,-0.11,0.01,0.14,185,201,205,0,object_fall,
9697,156,-660,16820,0.08,-0.37,10.13,66,21,29,0.01,0.13,0.02,183,203,206,0,object_fall,
10397,204,-484,16888,0.11,-0.28,10.13,69,18,31,0.01,-0.11,0.08,188,205,205,0,object_fall,
observation 9,,,,,,,,,,,,,,,,,object_fall,
695,136,-652,16976,0.1,-0.38,10.17,65,19,29,-0.05,0.07,-0.1,195,264,241,0,object_fall,
1372,1588,328,13736,0.49,-0.4,2.57,83,-39,34,0.99,-0.23,0.14,193,231,235,139,object_fall,
1391,328,-500,16276,0.18,-0.28,9.86,62,11,31,-0.05,-0.36,0.02,195,216,243,2,object_fall,
1436,92,-572,16876,0.05,-0.41,10.07,63,20,31,-0.05,0.07,-0.04,193,276,244,0,object_fall,
1449,40,-564,16784,0.02,-0.34,10.04,64,19,31,-0.17,0.13,0.08,195,189,220,0,object_fall,
1569,188,-588,16688,0.51,0.15,7.88,71,13,30,0.2,-0.66,-0.04,195,179,215,32,object_fall,
2268,208,-588,16748,0.13,-0.38,10.03,65,22,31,0.01,0.19,0.14,197,178,214,0,object_fall,
2969,100,-516,16908,0.1,-0.31,10.05,67,23,32,0.08,0.13,0.08,192,197,217,0,object_fall,
3668,116,-652,16832,0.07,-0.38,10.08,64,17,32,-0.11,-0.05,0.14,192,208,222,0,object_fall,
4368,116,-548,16908,0.08,-0.35,10.1,67,22,32,-0.05,0.01,0.02,191,210,222,0,object_fall,
5068,64,-552,16916,0.02,-0.32,10.09,66,20,32,-0.05,0.01,-0.04,191,205,220,0,object_fall,
5768,128,-576,16872,0.1,-0.37,10.07,67,21,33,-0.17,-0.11,0.08,189,130,193,0,object_fall,
6468,172,-560,16936,0.06,-0.35,10.05,63,17,30,-0.05,0.01,-0.04,187,181,207,0,object_fall,
7168,116,-484,16800,0.07,-0.3,10.08,66,17,33,-0.05,-0.05,0.08,191,302,249,0,object_fall,
7867,204,-548,16764,0.15,-0.31,10.04,65,19,33,-0.05,0.01,0.08,195,253,236,0,object_fall,
8568,184,-564,16932,0.18,-0.34,10.07,66,17,28,-0.17,-0.11,-0.1,192,231,230,0,object_fall,
9268,48,-564,16696,0.07,-0.3,10.05,66,17,33,0.01,0.13,0.2,193,222,227,0,object_fall,
9968,232,-552,16808,0.12,-0.33,10.07,63,23,32,-0.11,0.25,-0.04,194,215,225,0,object_fall,
10668,200,-508,16888,0.09,-0.29,10.15,63,17,28,-0.17,0.13,0.08,191,213,221,0,object_fall,
observation 10,,,,,,,,,,,,,,,,,object_fall,
696,144,-584,16804,0.07,-0.29,10.08,63,17,33,-0.17,-0.05,0.2,188,225,213,0,object_fall,
1085,136,-684,16968,-0.02,-0.45,10.48,60,18,29,4.22,2.45,1.48,183,344,251,6878,object_fall,
1333,192,-584,16784,0.06,-0.34,10.24,63,19,31,-0.11,-0.11,0.2,202,313,254,12113,object_fall,
2033,136,-596,16904,0.07,-0.35,10.06,68,21,33,0.14,0.07,0.14,191,380,273,0,object_fall,
2698,136,-524,16920,0.04,-0.29,10.12,64,20,30,-0.11,-0.11,-0.04,191,333,261,4079,object_fall,
3397,144,-592,16892,0.07,-0.38,10.03,67,16,32,0.08,-0.05,0.08,0,0,167,0,object_fall,
4098,160,-556,16864,0.08,-0.31,10.07,66,19,32,0.01,-0.11,0.2,0,218,87,0,object_fall,
4189,148,-644,16796,0.17,-0.39,10.13,66,22,33,0.08,-0.23,0.08,0,202,95,257,object_fall,
4200,148,-584,16792,0.08,-0.33,10.04,63,24,32,-0.17,0.13,0.08,0,116,74,3,object_fall,
4260,228,-576,16888,0.07,-0.32,10.12,65,19,30,0.08,-0.11,0.14,0,63,59,2,object_fall,
4299,160,-584,16692,0.01,-0.33,9.98,63,19,29,-0.05,0.01,-0.1,0,32,53,5,object_fall,
4334,92,-640,16740,0.08,-0.35,10.09,66,23,30,0.01,0.19,0.14,0,111,80,1,object_fall,
4359,116,-500,16820,0.12,-0.31,10.03,66,19,30,0.01,0.01,-0.04,0,112,87,80,object_fall,
4389,68,-504,16740,0.07,-0.37,10.03,66,15,31,0.08,-0.23,-0.04,0,85,90,0,object_fall,
4399,36,-584,16856,0.02,-0.35,10.08,68,18,31,0.08,0.38,0.14,0,56,86,0,object_fall,
4416,244,-592,16836,0.1,-0.32,10.08,64,10,31,-0.17,-0.42,-0.04,5,17,74,0,object_fall,
4542,144,-588,16904,0.06,-0.36,10.08,64,17,32,-0.05,-0.17,0.14,0,23,52,87,object_fall,
4566,180,-576,16932,0.08,-0.37,10.02,63,21,29,-0.11,0.01,-0.04,285,130,793,92,object_fall,
4999,156,-604,16860,0.09,-0.3,10.02,66,21,31,0.08,0.13,-0.1,277,154,797,33,object_fall,
5699,88,-524,16892,0.01,-0.31,10.06,67,19,31,0.08,0.01,0.14,248,308,837,0,object_fall,
6400,216,-652,16808,0.05,-0.34,10.16,64,18,29,0.14,-0.11,-0.04,228,255,801,0,object_fall,
7099,156,-620,16892,0.02,-0.35,10.08,64,16,32,-0.17,0.01,0.08,250,215,800,0,object_fall,
7799,116,-528,16808,0.05,-0.35,10.06,65,20,31,-0.05,0.01,-0.04,252,251,804,0,object_fall,
8499,156,-524,16780,0.1,-0.35,10.02,66,22,30,-0.05,0.07,-0.1,219,234,787,0,object_fall,
9199,144,-560,16848,0.11,-0.33,10.05,67,20,31,-0.05,0.07,0.2,218,214,763,0,object_fall,
9899,136,-656,16972,0.05,-0.34,10.17,64,18,35,0.08,0.07,0.2,217,265,758,0,object_fall,
10599,176,-500,16768,0.11,-0.32,10.03,67,21,31,0.08,0.07,0.02,234,140,704,0,object_fall,
observation 11,,,,,,,,,,,,,,,,,object_fall,
695,164,-564,16840,0.08,-0.32,10.06,64,18,32,-0.05,-0.11,-0.04,203,175,662,0,object_fall,
1102,228,-520,16424,0.17,-0.27,9.88,66,16,30,-0.05,-0.17,-0.04,217,163,639,1528,object_fall,
1802,148,-596,16804,0.05,-0.35,10.05,68,21,31,0.08,0.13,-0.04,186,146,626,0,object_fall,
2502,224,-640,16872,0.12,-0.32,10.08,67,18,32,0.14,0.01,0.02,198,141,600,0,object_fall,
3202,164,-740,16844,0.14,-0.42,10,67,18,33,-0.11,-0.05,0.14,167,141,572,0,object_fall,
3902,144,-624,16932,0.09,-0.35,10.04,68,19,31,0.08,0.01,0.2,166,137,561,0,object_fall,
4601,252,-672,16956,0.05,-0.39,10.14,63,18,32,-0.23,-0.05,-0.04,178,138,543,0,object_fall,
5302,168,-552,16836,0.07,-0.32,10.05,68,19,30,0.08,-0.05,-0.04,161,135,525,0,object_fall,
6002,196,-556,16864,0.15,-0.37,10.05,63,20,33,-0.05,-0.05,0.14,155,132,509,0,object_fall,
6702,132,-524,16892,0.13,-0.28,10.1,67,16,33,0.08,-0.17,0.08,161,138,494,0,object_fall,
7402,172,-600,16844,0.13,-0.36,10.06,64,21,31,0.08,0.13,0.08,131,132,477,0,object_fall,
8101,184,-552,16940,0.1,-0.33,10.1,66,20,32,0.01,0.07,-0.04,149,130,464,0,object_fall,
8802,116,-496,16820,0.03,-0.33,10.11,66,21,33,-0.05,0.19,-0.1,145,154,451,0,object_fall,
9501,140,-516,16788,0.08,-0.31,10.04,67,20,31,0.01,0.13,0.02,143,162,450,0,object_fall,
10202,184,-540,16884,0.17,-0.35,10.06,66,18,32,0.08,0.01,-0.1,137,155,437,0,object_fall,
observation 12,,,,,,,,,,,,,,,,,object_fall,
696,228,-588,16836,0.09,-0.35,10.02,67,17,30,0.01,-0.05,-0.17,107,164,361,0,object_fall,
1052,176,-420,17676,5.79,1.02,-3.25,-89,-374,25,-2.06,-17.61,0.81,89,134,346,53,object_fall,
1080,144,-584,16952,0.07,-0.35,10.03,65,19,31,-0.11,0.01,0.08,98,111,347,0,object_fall,
1216,376,-488,16632,0.83,0.02,6.99,61,25,30,0.26,-1.21,0.02,97,90,322,5,object_fall,
1915,40,-564,16804,0.11,-0.3,10.08,67,16,34,0.08,-0.17,0.08,81,73,303,0,object_fall,
2615,112,-596,16832,0.06,-0.34,10.08,63,17,31,-0.11,-0.05,0.08,84,111,310,0,object_fall,
3315,176,-504,16908,0.15,-0.32,10.07,65,20,31,0.01,0.25,0.02,87,123,308,0,object_fall,
4015,96,-540,16796,0.03,-0.33,10.13,68,18,32,-0.05,-0.11,0.08,89,125,301,0,object_fall,
4715,88,-580,16804,0.05,-0.35,10.11,68,19,33,0.01,0.01,0.2,85,126,296,0,object_fall,
5415,104,-600,16740,0.07,-0.34,10.1,63,18,32,0.01,0.07,0.08,79,124,291,0,object_fall,
6114,112,-516,16888,0.07,-0.31,10.13,66,17,30,0.01,0.01,0.02,71,123,285,0,object_fall,
6815,72,-568,16848,0.05,-0.39,10.1,65,19,29,0.01,-0.11,0.08,80,128,280,0,object_fall,
7514,152,-544,16980,0.06,-0.3,10.08,62,20,31,-0.23,0.07,-0.04,66,124,275,0,object_fall,
8215,192,-612,16832,0.17,-0.39,10.17,62,20,29,-0.05,0.19,-0.04,73,126,266,0,object_fall,
8914,136,-588,16820,0.08,-0.39,10.09,68,20,33,0.2,0.07,0.08,76,128,278,0,object_fall,
9615,128,-536,16664,0.03,-0.34,10.11,64,20,31,0.01,0.07,0.2,72,128,262,0,object_fall,
10314,120,-580,16852,0.08,-0.34,10.11,65,22,33,-0.05,0.19,0.02,73,128,258,0,object_fall,
observation 13,,,,,,,,,,,,,,,,,object_fall,
697,172,-608,16808,0.1,-0.32,10.13,67,15,31,0.14,-0.17,-0.04,58,152,242,0,object_fall,
1393,136,-504,16424,0.15,-0.31,9.78,66,19,27,0.01,-0.42,-0.17,63,125,233,1791,object_fall,
1582,272,-572,16976,0.77,-0.29,8.04,65,11,33,0.2,-0.84,0.14,56,126,231,42,object_fall,
2283,96,-592,16780,0.06,-0.34,10.06,64,22,31,0.01,0.13,0.02,49,95,211,0,object_fall,
2982,116,-572,16832,0.1,-0.33,10.16,68,20,34,0.14,0.07,0.14,55,114,219,0,object_fall,
3683,100,-568,16908,0.06,-0.31,10.04,65,19,30,0.08,0.01,-0.1,54,118,215,0,object_fall,
4382,84,-600,16924,0.05,-0.36,10.05,65,16,31,0.01,-0.11,0.02,55,115,212,0,object_fall,
5082,228,-532,16800,0.06,-0.37,10.11,67,21,31,0.14,0.07,-0.04,49,116,211,0,object_fall,
5782,188,-564,16996,0.11,-0.35,10.19,67,22,34,-0.11,0.31,0.26,45,117,209,0,object_fall,
6482,72,-584,16756,0.11,-0.34,10.01,64,21,33,0.01,0.07,0.02,56,118,208,0,object_fall,
7182,88,-520,16740,0.1,-0.32,10.08,67,22,33,0.01,-0.05,0.08,45,119,207,0,object_fall,
7882,128,-560,16892,0.1,-0.33,10.06,67,18,33,0.14,-0.17,0.14,46,117,203,0,object_fall,
8581,252,-580,16820,0.11,-0.34,10.12,65,20,31,0.01,0.25,-0.04,45,118,202,0,object_fall,
9282,116,-640,16792,0.08,-0.41,10.07,64,20,34,-0.05,-0.05,0.14,52,120,201,0,object_fall,
9981,160,-584,16896,0.07,-0.3,10.1,65,18,32,-0.11,0.07,0.08,48,119,199,0,object_fall,
10682,72,-640,16756,0.09,-0.33,10.03,67,20,31,-0.05,0.07,-0.04,45,119,192,0,object_fall,
observation 14,,,,,,,,,,,,,,,,,object_fall,
695,148,-572,16652,0.11,-0.41,10.04,66,18,32,0.08,0.01,-0.1,43,122,178,0,object_fall,
1396,120,-552,16788,0.09,-0.35,10.03,67,21,33,-0.11,0.13,0.14,40,148,187,0,object_fall,
1652,-112,-1012,17244,0.21,-0.3,9.73,66,42,25,-0.17,1.23,-0.1,36,127,182,587,object_fall,
1670,176,-568,16560,0.1,-0.41,9.99,69,14,28,0.08,0.38,-0.04,36,105,218,0,object_fall,
1806,80,-640,16952,0.38,-0.64,9.16,63,15,30,-0.23,-0.11,-0.17,39,67,158,57,object_fall,
2506,72,-604,16844,0.06,-0.37,10.11,66,22,32,-0.11,0.13,-0.04,34,67,156,0,object_fall,
3206,196,-584,16844,0.09,-0.28,10.06,65,20,31,0.01,-0.11,-0.04,35,113,167,0,object_fall,
3905,204,-500,16824,0.09,-0.33,10.05,65,21,30,-0.11,0.07,0.14,38,119,167,0,object_fall,
4606,188,-576,16880,0.11,-0.35,10.04,64,21,33,-0.11,0.13,0.26,38,120,167,0,object_fall,
5305,84,-596,16808,0.09,-0.35,10.06,64,19,30,0.01,-0.05,0.02,33,119,166,0,object_fall,
6006,196,-524,16828,0.07,-0.33,10.08,66,18,30,-0.05,-0.05,0.02,42,118,166,0,object_fall,
6705,64,-500,16708,0.06,-0.35,10.07,67,18,29,0.01,-0.11,0.14,37,120,161,0,object_fall,
7405,112,-564,16880,0.07,-0.36,10.16,64,20,28,-0.05,0.01,-0.1,37,118,166,0,object_fall,
8105,112,-468,16820,0.1,-0.3,10.11,64,21,30,-0.05,0.07,0.02,41,120,165,0,object_fall,
8805,172,-628,16892,0.08,-0.4,10.05,68,20,30,0.01,0.13,-0.17,36,119,165,0,object_fall,
9505,152,-532,16888,0.09,-0.33,10.1,67,17,31,-0.05,-0.05,-0.04,40,116,165,0,object_fall,
10205,184,-580,16876,0.06,-0.32,10.04,65,16,31,-0.17,-0.05,-0.04,31,117,164,0,object_fall,
observation 15,,,,,,,,,,,,,,,,,object_fall,
695,204,-548,16760,0.08,-0.33,10.12,65,17,31,0.14,0.01,0.08,42,144,177,0,object_fall,
1164,412,-368,17516,-0.12,-0.56,10.7,179,110,55,-3.83,4.7,-0.9,38,123,174,519,object_fall,
1177,160,-644,16472,0.11,-0.29,9.72,63,19,30,-0.05,-0.05,-0.04,41,109,176,25,object_fall,
1877,192,-552,16736,0.1,-0.33,10.1,68,18,30,0.01,-0.05,-0.04,44,75,160,0,object_fall,
2577,144,-552,16844,0.04,-0.35,10.12,65,21,33,-0.17,0.07,0.26,40,112,171,0,object_fall,
3277,232,-600,16828,0.08,-0.35,10.1,66,15,28,-0.17,-0.23,0.08,38,118,174,0,object_fall,
3977,120,-592,16740,0.11,-0.3,9.99,66,17,31,0.08,0.01,-0.04,39,118,174,0,object_fall,
4676,128,-608,16896,0.08,-0.36,10.11,64,14,32,-0.11,-0.11,0.2,41,119,177,0,object_fall,
5377,192,-504,16796,0.1,-0.32,10.07,66,19,34,0.08,0.13,0.14,45,121,174,0,object_fall,
6076,64,-560,16888,0.03,-0.38,10.09,64,22,28,-0.11,0.07,-0.1,48,119,179,0,object_fall,
6777,128,-608,16852,0.07,-0.31,10.11,67,18,32,0.01,-0.05,0.08,47,119,178,0,object_fall,
7476,168,-568,16852,0.09,-0.38,10.08,62,20,32,-0.17,0.07,0.02,44,118,178,0,object_fall,
8177,156,-536,16680,0.09,-0.31,10.01,64,19,31,0.08,-0.17,-0.04,47,119,179,0,object_fall,
8876,124,-556,16836,0.08,-0.3,10.1,64,19,30,0.14,0.01,-0.23,39,117,179,0,object_fall,
9576,120,-608,16964,0.07,-0.36,10.15,66,20,32,0.14,0.13,0.02,49,118,175,0,object_fall,
10276,88,-620,16880,0.01,-0.33,10.14,67,18,30,0.01,0.07,0.02,46,118,180,0,object_fall,
observation 16,,,,,,,,,,,,,,,,,object_fall,
696,200,-576,16900,0.07,-0.37,10.12,63,21,31,0.01,0.01,0.02,38,143,170,0,object_fall,
1070,676,440,16032,0.07,-0.62,10.21,65,-9,32,0.08,0.44,0.02,36,121,168,443,object_fall,
1770,276,-596,16756,0.12,-0.36,10.08,67,21,30,0.14,0.07,0.08,35,106,144,0,object_fall,
2470,176,-624,16880,0.05,-0.38,10.05,66,17,34,-0.05,-0.05,0.14,40,119,174,0,object_fall,
3170,160,-544,16732,0.12,-0.33,10.13,66,20,30,0.01,0.19,0.02,42,118,176,0,object_fall,
3870,108,-632,16856,0.07,-0.42,10.05,61,19,32,-0.29,-0.05,-0.04,48,118,177,0,object_fall,
4570,120,-548,16736,0.1,-0.34,9.98,65,19,34,-0.11,0.07,0.2,42,117,179,0,object_fall,
5270,64,-568,16800,0.03,-0.35,10.08,64,18,33,-0.05,-0.05,0.14,47,119,181,0,object_fall,
5970,152,-608,16788,0.15,-0.38,10.08,64,17,30,0.08,-0.05,0.14,49,118,181,0,object_fall,
6669,56,-592,16832,0.06,-0.35,10.13,65,22,31,-0.05,0.25,0.02,48,118,181,0,object_fall,
7370,144,-612,16780,0.08,-0.32,10.05,64,20,30,0.01,-0.11,-0.1,45,117,181,0,object_fall,
8069,160,-520,16888,0.08,-0.3,10.06,65,21,32,-0.11,0.01,0.14,48,116,180,0,object_fall,
8770,144,-552,16808,0.11,-0.31,10.08,67,22,30,0.01,0.13,-0.04,51,118,180,0,object_fall,
9469,132,-592,16924,0.08,-0.34,10.08,63,22,31,0.01,0.13,0.2,45,117,181,0,object_fall,
10169,92,-528,16848,0.08,-0.33,10.01,65,20,30,-0.05,0.13,-0.17,44,119,183,0,object_fall,
observation 17,,,,,,,,,,,,,,,,,object_fall,
696,112,-592,16800,0.08,-0.37,10.07,66,22,31,-0.05,0.01,0.02,52,173,192,0,object_fall,
759,164,-1116,16936,-0.28,-0.44,10.95,67,14,29,-0.35,1.78,0.08,48,130,182,529,object_fall,
781,220,-472,16700,0.05,-0.36,10.1,64,21,33,0.08,-0.05,0.14,35,87,160,22,object_fall,
930,352,-1044,15768,0.38,-0.23,7.06,60,13,31,-0.17,-0.97,-0.04,40,64,157,23,object_fall,
1630,72,-612,16832,0.13,-0.34,10.08,66,17,29,-0.11,0.01,-0.1,40,69,150,0,object_fall,
2330,60,-528,16728,0.09,-0.37,9.99,66,20,32,0.08,0.01,0.02,41,111,168,0,object_fall,
3030,220,-604,16780,0.09,-0.32,10.03,67,21,32,0.01,0.13,-0.17,42,116,168,0,object_fall,
3729,140,-572,16908,0.04,-0.34,10.07,65,19,31,-0.11,0.07,-0.04,40,117,169,0,object_fall,
4430,100,-572,16872,0.06,-0.34,10.07,65,17,31,-0.05,-0.11,0.02,46,117,170,0,object_fall,
5129,124,-652,16920,0.05,-0.34,10.12,63,20,34,-0.17,-0.11,0.2,47,118,175,0,object_fall,
5830,204,-548,16820,0.11,-0.35,10.08,67,18,32,0.2,0.01,0.14,48,118,176,0,object_fall,
6529,244,-572,16708,0.05,-0.36,10.08,64,19,30,-0.05,-0.11,-0.1,49,118,176,0,object_fall,
7230,124,-644,16904,0.09,-0.4,10.12,65,18,33,-0.05,0.01,0.08,45,117,174,0,object_fall,
7929,172,-600,16796,0.13,-0.28,10.03,68,21,34,0.14,-0.05,0.08,47,116,175,0,object_fall,
8629,192,-608,16936,0.13,-0.38,10.17,65,18,32,-0.11,0.07,0.08,50,118,176,0,object_fall,
9329,80,-612,16852,0.09,-0.35,10.03,68,21,29,0.14,-0.05,-0.23,48,118,176,0,object_fall,
10029,-40,-556,16856,0.01,-0.36,10.13,67,20,31,0.14,-0.11,0.2,47,118,176,0,object_fall,
observation 18,,,,,,,,,,,,,,,,,object_fall,
696,188,-644,16904,0.12,-0.39,10.12,65,19,31,-0.23,0.01,0.02,43,191,186,0,object_fall,
1396,152,-632,16728,0.09,-0.31,10.06,66,18,34,-0.05,-0.05,0.02,46,138,170,0,object_fall,
2096,196,-508,16952,0.04,-0.36,10.14,65,21,32,0.01,0.07,0.02,43,124,165,0,object_fall,
2601,412,-688,14360,-0.18,-0.32,10.93,67,12,33,-0.05,-0.11,-0.04,43,121,165,839,object_fall,
2617,380,-692,17888,-0.01,-0.4,10.05,68,13,30,0.01,-0.72,0.14,59,121,164,68,object_fall,
2780,324,-616,16748,0.48,-0.51,8.09,61,14,32,-0.05,-0.78,-0.17,40,80,153,6,object_fall,
3480,140,-548,16784,0.08,-0.36,10.07,67,18,30,0.14,-0.11,0.08,41,76,145,0,object_fall,
4180,108,-560,16760,0.08,-0.31,10.05,68,19,33,0.14,0.01,0.14,37,109,159,0,object_fall,
4880,196,-652,16956,0.06,-0.37,10.07,64,17,30,-0.17,-0.11,-0.17,44,116,160,0,object_fall,
5580,156,-576,16748,0.12,-0.3,10.08,68,19,32,0.08,-0.05,0.02,37,117,161,0,object_fall,
6280,168,-584,16864,0.11,-0.32,10.11,63,18,32,-0.23,-0.05,0.02,39,117,158,0,object_fall,
6979,108,-532,16776,0.13,-0.32,10.08,67,18,35,0.01,0.01,0.14,43,116,162,0,object_fall,
7680,124,-548,16884,0.06,-0.32,10.14,66,16,31,0.01,-0.11,-0.1,42,116,161,0,object_fall,
8379,84,-636,16728,0.09,-0.35,10.06,69,20,30,0.26,0.01,0.02,44,117,162,0,object_fall,
9080,124,-512,16908,0.11,-0.32,10.18,63,17,33,-0.23,0.01,-0.04,39,116,163,0,object_fall,
9779,208,-608,16940,0.11,-0.4,10.1,66,22,32,-0.11,0.19,0.02,43,119,164,0,object_fall,
10479,100,-572,16744,0.1,-0.3,10.1,67,21,30,0.01,0.07,0.02,45,119,164,0,object_fall,
observation 19,,,,,,,,,,,,,,,,,object_fall,
697,156,-644,16864,0.11,-0.33,10.13,65,21,30,0.01,0.13,-0.04,45,175,179,0,object_fall,
903,-232,-1312,17544,0.17,-0.28,10.07,64,42,31,0.08,0.01,0.02,44,136,171,661,object_fall,
928,112,-484,17032,0.04,-0.3,10.13,67,13,32,0.08,0.13,0.14,46,110,171,1573,object_fall,
950,64,-620,16872,0.1,-0.36,10.04,66,22,31,0.08,0.19,0.14,42,72,155,7,object_fall,
1649,100,-536,16900,0.03,-0.34,10.13,65,21,32,0.01,0.01,-0.04,41,55,144,0,object_fall,
2349,68,-644,16892,0.1,-0.34,10.11,67,19,33,0.08,-0.17,0.2,42,112,159,0,object_fall,
3049,132,-660,16804,0.08,-0.31,10.03,65,22,30,0.14,0.01,-0.04,40,118,163,0,object_fall,
3749,104,-628,16800,0.08,-0.4,10.02,65,20,33,-0.17,0.01,0.2,46,120,163,0,object_fall,
4449,120,-552,16888,0.09,-0.33,10.12,66,20,30,-0.05,0.19,0.08,44,120,165,0,object_fall,
5149,132,-576,16796,0.11,-0.36,10.07,66,22,31,0.08,0.13,-0.17,45,120,168,0,object_fall,
5848,12,-556,16892,0.01,-0.33,9.99,68,19,31,-0.05,-0.05,0.02,46,120,171,0,object_fall,
6549,92,-596,16996,0.09,-0.33,10.09,64,19,30,0.08,0.01,-0.04,48,119,173,0,object_fall,
7248,152,-620,16820,0.07,-0.36,10.11,64,17,32,-0.05,-0.05,0.02,51,121,176,0,object_fall,
7949,140,-528,16784,0.05,-0.31,10.07,64,19,31,-0.05,0.01,-0.04,48,122,180,0,object_fall,
8648,204,-588,16832,0.11,-0.36,10.08,63,21,32,-0.11,0.25,0.2,52,120,175,0,object_fall,
9349,116,-580,16692,0.07,-0.35,9.99,67,19,30,-0.05,0.07,0.08,53,120,179,0,object_fall,
10048,144,-492,16896,0.1,-0.37,10.01,65,19,31,0.01,0.13,0.14,55,118,178,0,object_fall,
observation 20,,,,,,,,,,,,,,,,,object_fall,
696,68,-580,16800,0.06,-0.33,10.06,68,20,32,-0.05,0.01,0.08,51,152,179,0,object_fall,
737,168,-644,16328,0.2,-0.37,9.61,67,15,27,0.14,-0.54,-0.23,50,132,175,1469,object_fall,
770,1088,-1296,14168,-0.32,0.29,8.78,62,3,33,-0.11,-0.72,0.2,42,96,162,79,object_fall,
1469,48,-476,16856,0.06,-0.28,10.01,64,20,30,0.14,0.19,0.14,48,71,152,0,object_fall,
2170,160,-560,16840,0.11,-0.34,10.06,69,21,31,0.2,-0.11,-0.17,48,118,167,0,object_fall,
2869,36,-588,16748,0.1,-0.37,10.03,69,20,34,0.08,0.13,0.14,49,124,169,0,object_fall,
3569,172,-608,16712,0.05,-0.34,10.04,66,18,32,0.14,0.01,0.2,45,123,170,0,object_fall,
4269,76,-600,16724,0.09,-0.38,10.07,65,19,28,-0.17,0.01,-0.04,46,122,172,0,object_fall,
4969,108,-532,16808,0.09,-0.33,10.08,65,21,32,0.08,0.13,0.2,48,121,171,0,object_fall,
5669,108,-572,16892,0.06,-0.34,10.1,64,17,30,-0.23,-0.05,0.02,52,122,171,0,object_fall,
6369,136,-552,16712,0.1,-0.32,9.96,65,15,30,0.14,-0.11,0.14,49,120,167,0,object_fall,
7068,72,-576,16928,0.08,-0.33,9.99,67,18,33,0.14,0.01,0.14,48,119,168,0,object_fall,
7769,156,-560,16896,0.06,-0.35,10.1,65,16,34,0.01,-0.11,0.14,51,119,166,0,object_fall,
8468,60,-652,16916,0.08,-0.33,10.13,66,19,30,-0.17,0.13,0.2,47,118,163,0,object_fall,
9169,96,-568,16868,0.08,-0.33,10.06,65,22,30,-0.05,0.07,0.02,45,115,164,0,object_fall,
9868,180,-592,16840,0.04,-0.35,10,66,18,32,0.14,-0.11,-0.1,45,117,161,0,object_fall,
10568,56,-612,16804,0.1,-0.39,10,64,23,29,-0.17,-0.05,-0.04,42,118,160,0,object_fall,
observation 21,,,,,,,,,,,,,,,,,object_fall,
695,196,-628,16840,0.17,-0.37,10.11,68,21,31,0.08,-0.05,0.08,56,168,192,0,object_fall,
737,20,-704,16972,0.1,-0.35,10.04,66,15,31,-0.17,-0.23,0.14,52,136,185,2477,object_fall,
865,-224,-592,20804,0.67,-0.75,8.37,66,19,31,0.14,-0.84,-0.04,48,89,162,33,object_fall,
1566,96,-488,16780,-0.02,-0.34,10.05,63,20,32,0.08,0.07,0.14,46,83,153,0,object_fall,
2265,124,-628,16816,0.1,-0.31,10.15,69,19,30,0.14,0.07,-0.04,50,115,169,0,object_fall,
2965,120,-592,16840,0.05,-0.33,10.06,65,16,35,0.08,0.01,0.08,47,120,172,0,object_fall,
3665,208,-604,16780,0.12,-0.37,10.12,65,19,31,-0.23,0.07,0.14,48,120,173,0,object_fall,
4365,204,-580,16856,0.11,-0.3,9.99,68,20,27,0.01,0.01,-0.17,52,124,175,0,object_fall,
5065,232,-520,16780,0.09,-0.33,10.06,65,22,31,-0.23,0.01,0.02,51,124,177,0,object_fall,
5765,72,-616,16816,0.1,-0.37,10.13,67,16,31,-0.11,0.13,0.02,49,123,179,0,object_fall,
6464,100,-692,16844,0.09,-0.35,10.01,67,23,32,-0.05,0.01,0.14,52,125,180,0,object_fall,
7165,88,-576,16740,0.06,-0.3,10.04,66,20,30,0.08,0.13,-0.1,54,124,180,0,object_fall,
7864,72,-596,16880,0.08,-0.36,10.08,66,19,31,0.01,-0.05,0.2,55,124,180,0,object_fall,
8565,180,-516,16768,0.07,-0.32,10.02,65,18,30,-0.05,-0.23,-0.04,55,125,180,0,object_fall,
9264,76,-520,16772,0.06,-0.31,10.13,67,21,32,0.14,0.07,-0.04,52,124,179,0,object_fall,
9964,100,-592,16764,0.09,-0.36,10.04,66,20,33,0.14,0.13,0.2,51,123,179,0,object_fall,
10664,300,-536,16780,0.13,-0.34,10.08,66,23,30,-0.17,0.13,-0.1,53,122,180,0,object_fall,
observation 22,,,,,,,,,,,,,,,,,object_fall,
696,144,-592,16752,0.06,-0.35,10.07,67,21,28,-0.05,0.13,-0.1,50,119,184,0,object_fall,
1396,168,-656,16912,0.05,-0.39,10.11,66,17,33,-0.05,-0.05,0.08,56,121,184,0,object_fall,
1573,-20,-480,18988,0.22,-0.29,10.41,67,27,31,0.08,0.92,-0.1,53,120,182,1651,object_fall,
2273,52,-568,16852,0.05,-0.31,10.08,68,20,31,0.01,0.01,0.08,57,99,176,0,object_fall,
2973,184,-612,16840,0.14,-0.39,10.11,64,18,32,-0.11,-0.11,0.02,52,115,179,0,object_fall,
3673,-16,-616,16708,0.06,-0.33,10.04,68,18,31,0.01,-0.05,0.08,50,119,178,0,object_fall,
4373,20,-552,16824,0.07,-0.33,10.05,67,18,31,-0.05,0.07,0.08,53,121,176,0,object_fall,
5073,148,-616,16972,0.09,-0.37,10.15,67,20,30,-0.05,0.07,0.02,49,121,175,0,object_fall,
5772,88,-612,16836,0.05,-0.33,10.1,64,20,31,0.01,0.25,0.08,53,121,174,0,object_fall,
6473,136,-616,16896,0.08,-0.37,10.09,66,19,32,0.08,-0.17,0.14,47,122,172,0,object_fall,
7172,184,-560,16816,0.1,-0.33,10.1,64,19,30,0.08,-0.05,-0.04,51,122,164,0,object_fall,
7873,108,-584,16704,0.04,-0.33,10.04,66,18,31,0.08,0.13,-0.1,50,123,171,0,object_fall,
8572,236,-600,16840,0.12,-0.35,10.09,67,19,32,0.01,0.19,0.08,47,124,171,0,object_fall,
9272,120,-532,16864,0.1,-0.32,10.08,64,18,30,-0.05,-0.11,0.14,52,124,172,0,object_fall,
9972,92,-600,16960,0.06,-0.39,10.08,67,16,31,0.01,-0.23,0.08,57,124,171,0,object_fall,
10672,72,-564,16808,0.13,-0.31,10.17,62,19,33,-0.05,-0.05,-0.04,47,123,170,0,object_fall,
observation 23,,,,,,,,,,,,,,,,,object_fall,
697,128,-496,16988,0.09,-0.37,10.04,66,20,33,0.01,0.07,0.02,53,109,161,0,object_fall,
1132,96,-648,14700,-0.07,-0.34,11.12,68,12,34,0.26,-0.11,0.08,47,119,164,834,object_fall,
1149,-412,-556,17784,0.63,-0.42,8.69,64,30,32,-0.05,-0.66,0.26,51,112,156,671,object_fall,
1850,244,-540,16872,0.11,-0.3,10.03,65,18,32,0.01,-0.11,-0.04,48,79,157,0,object_fall,
2549,156,-572,16820,0.13,-0.34,10.07,66,19,34,-0.17,-0.05,0.08,48,112,159,0,object_fall,
3250,96,-572,16892,0.06,-0.34,10.1,64,21,31,0.01,0.19,0.02,51,118,161,0,object_fall,
3949,36,-572,16752,0.02,-0.35,10.04,65,18,32,-0.11,-0.05,0.02,51,121,163,0,object_fall,
4649,76,-592,16868,0.03,-0.35,10.12,65,21,31,-0.05,0.07,0.08,49,120,164,0,object_fall,
5349,200,-496,16772,0.09,-0.38,10.17,66,22,33,0.01,0.01,0.14,46,115,164,0,object_fall,
6049,112,-640,16952,0.06,-0.34,10.09,65,19,32,0.08,-0.05,0.02,46,93,144,0,object_fall,
6749,192,-544,16684,0.11,-0.31,10.02,63,22,28,-0.05,0.07,-0.04,42,117,153,0,object_fall,
7449,92,-624,16776,0.04,-0.4,10.06,66,16,32,0.08,0.01,0.08,49,161,171,0,object_fall,
8148,120,-564,16840,0.08,-0.33,10.08,68,21,29,0.14,0.07,-0.04,49,141,169,0,object_fall,
8849,196,-604,16948,0.1,-0.38,10.12,65,22,33,0.01,0.19,0.02,53,135,168,0,object_fall,
9548,64,-584,16736,0.04,-0.35,10,67,19,30,0.08,-0.05,-0.04,53,132,167,0,object_fall,
10249,92,-580,16840,0.08,-0.36,10.01,66,17,34,0.14,-0.11,0.14,48,128,165,0,object_fall,
observation 24,,,,,,,,,,,,,,,,,object_fall,
696,164,-536,16892,0.12,-0.36,10.2,67,22,33,0.01,0.01,0.02,51,146,176,0,object_fall,
758,192,-536,16772,-0.01,-0.33,10.38,64,14,32,0.01,0.25,-0.04,54,131,174,2040,object_fall,
1457,40,-588,16720,0.05,-0.37,10,67,19,30,-0.05,0.07,0.08,51,95,160,0,object_fall,
2158,96,-580,16628,0.11,-0.35,10.03,67,20,30,-0.11,0.25,0.14,55,119,168,0,object_fall,
2857,176,-564,16812,0.07,-0.37,10.04,64,20,31,-0.17,0.07,-0.1,52,123,172,0,object_fall,
3558,208,-580,16868,0.1,-0.35,10.03,66,18,32,0.01,-0.11,0.14,53,121,171,0,object_fall,
4257,172,-604,16832,0.11,-0.34,10.05,66,18,31,-0.05,0.01,0.02,53,124,176,0,object_fall,
4957,184,-552,16780,0.14,-0.33,9.99,66,19,31,-0.05,-0.05,-0.04,57,125,178,0,object_fall,
5657,160,-492,16752,0.09,-0.39,10.04,65,22,31,0.01,0.19,-0.1,54,124,179,0,object_fall,
6357,120,-592,16824,0.1,-0.36,10.04,66,19,32,-0.05,-0.05,-0.04,54,124,180,0,object_fall,
7057,84,-632,16736,0.12,-0.36,10.05,66,20,29,-0.05,0.13,-0.04,63,126,180,0,object_fall,
7757,164,-580,16912,0.08,-0.34,10.06,67,20,30,0.08,0.13,0.2,61,126,184,0,object_fall,
8456,112,-572,16780,0.06,-0.36,10.05,65,21,33,0.08,0.07,0.02,59,128,184,0,object_fall,
9157,88,-608,16784,0.09,-0.37,10.04,65,16,30,-0.17,-0.11,0.02,60,128,184,0,object_fall,
9856,100,-476,16844,0.05,-0.32,10.09,69,18,31,-0.05,0.07,0.02,64,128,185,0,object_fall,
10557,232,-568,16832,0.04,-0.32,10.08,65,22,34,-0.17,0.19,0.14,60,128,184,0,object_fall,
observation 25,,,,,,,,,,,,,,,,,object_fall,
696,256,-528,16872,0.05,-0.33,10,64,15,34,-0.17,-0.17,0.14,64,182,198,0,object_fall,
886,216,-592,16476,0.07,-0.36,9.92,67,25,32,-0.05,0.25,0.08,65,146,189,1532,object_fall,
1587,132,-544,16752,0.08,-0.32,10.04,65,19,33,0.08,0.01,0.08,61,117,182,0,object_fall,
2287,104,-548,16736,0.1,-0.35,10.07,65,18,30,-0.23,0.01,0.02,67,128,186,0,object_fall,
2987,208,-560,16896,0.04,-0.36,10.14,66,19,31,0.08,0.13,0.08,68,130,186,0,object_fall,
3687,96,-636,16832,0.13,-0.36,10.03,63,18,33,-0.17,-0.17,0.14,68,130,187,0,object_fall,
4387,176,-564,16996,0.12,-0.31,10.13,66,19,33,0.08,-0.11,0.02,63,128,186,0,object_fall,
5087,124,-612,16864,0.1,-0.33,10.01,66,22,31,0.14,0.07,0.02,66,129,185,0,object_fall,
5786,20,-524,16764,0.07,-0.38,10.07,67,19,32,0.08,0.25,0.08,62,128,184,0,object_fall,
6487,196,-536,16912,0.11,-0.37,10.12,65,20,32,-0.05,0.01,-0.04,64,128,181,0,object_fall,
7186,136,-560,16756,0.06,-0.35,10.01,67,19,32,0.01,0.07,0.08,66,128,180,0,object_fall,
7887,100,-576,16924,0.1,-0.29,10.18,67,17,33,-0.11,0.07,0.08,64,128,179,0,object_fall,
8586,100,-600,16848,0.09,-0.36,10.09,64,22,30,-0.05,0.07,-0.1,65,128,179,0,object_fall,
9286,124,-524,16816,0.03,-0.33,10.06,65,18,29,-0.11,-0.11,-0.17,67,128,179,0,object_fall,
9986,100,-512,16828,0.07,-0.36,10.09,66,19,33,-0.11,0.07,0.14,67,128,176,0,object_fall,
10686,176,-516,16868,0.11,-0.31,10.12,65,19,34,-0.11,0.13,0.08,62,130,179,0,object_fall,
observation 26,,,,,,,,,,,,,,,,,object_fall,
697,132,-556,17012,0.07,-0.36,10.07,66,19,29,-0.05,0.25,0.02,36,143,125,0,object_fall,
903,72,-616,16928,0.04,-0.32,10.12,67,18,32,0.14,-0.23,0.08,40,125,124,2199,object_fall,
1159,644,-456,10784,-0.57,0.26,13.72,60,13,30,0.01,0.5,0.14,40,95,122,204,object_fall,
1858,108,-556,16900,0.12,-0.39,10.13,63,18,32,0.01,0.07,0.32,43,91,119,0,object_fall,
2558,80,-696,16784,0.04,-0.33,10.02,66,17,33,-0.11,-0.05,0.02,41,96,120,0,object_fall,
3258,172,-560,16984,0.13,-0.37,10.08,66,17,32,0.08,0.01,0.02,41,88,119,0,object_fall,
3958,80,-568,16844,0.02,-0.37,10.03,68,18,32,-0.05,-0.11,0.08,40,88,118,0,object_fall,
4658,144,-600,16772,0.09,-0.33,10.12,65,16,30,-0.05,-0.11,-0.1,38,87,119,0,object_fall,
5358,160,-536,16916,0.07,-0.33,10.04,67,21,30,-0.05,0.13,-0.17,39,85,117,0,object_fall,
6057,188,-572,16928,0.12,-0.31,10.12,64,17,31,0.01,0.01,0.08,37,86,116,0,object_fall,
6758,116,-540,16980,0.05,-0.32,10.19,65,20,33,-0.17,0.01,0.02,35,86,114,0,object_fall,
7457,172,-604,16896,0.04,-0.39,10.11,66,18,29,-0.05,0.01,0.08,36,82,113,0,object_fall,
8158,164,-632,16908,0.06,-0.39,10.09,67,18,31,0.08,0.01,-0.04,36,82,112,0,object_fall,
8857,88,-556,16772,0.11,-0.37,10.06,64,21,31,-0.05,-0.05,0.08,37,84,113,0,object_fall,
9557,104,-624,16908,0.07,-0.39,10.13,64,20,33,-0.05,0.07,-0.17,34,87,114,0,object_fall,
10257,76,-620,16900,0,-0.33,10.09,63,19,32,0.01,-0.05,0.08,34,86,113,0,object_fall,
observation 27,,,,,,,,,,,,,,,,,object_fall,
696,132,-648,16832,0.11,-0.31,10.01,68,18,31,-0.05,-0.3,0.02,32,106,121,0,object_fall,
1205,192,-540,18148,-0.08,-0.38,10.04,66,9,32,-0.11,-0.36,0.08,36,103,126,1186,object_fall,
1222,568,-328,15416,-0.15,-0.66,11.15,63,11,29,0.08,1.72,0.08,37,99,130,518,object_fall,
1367,-60,-844,16688,-0.09,-0.58,7.69,64,21,30,0.14,-0.48,0.02,31,68,120,26,object_fall,
2066,228,-588,16952,0.11,-0.33,10.14,63,17,29,-0.11,0.01,-0.04,34,72,118,0,object_fall,
2767,120,-632,16896,0.04,-0.35,10.12,65,16,30,-0.11,-0.11,0.02,33,102,128,0,object_fall,
3466,96,-568,16752,0.07,-0.29,10.02,64,18,33,-0.05,0.07,0.02,34,104,130,0,object_fall,
4167,4,-456,16708,0.11,-0.33,9.99,66,20,31,-0.05,0.01,0.02,37,105,130,0,object_fall,
4866,172,-576,16884,0.12,-0.32,10.08,67,19,29,-0.05,-0.17,-0.04,33,104,130,0,object_fall,
5566,116,-572,16920,0.07,-0.36,10.12,67,20,27,-0.11,0.25,-0.17,36,99,130,0,object_fall,
6266,152,-596,16824,0.09,-0.35,10.1,67,21,32,0.01,0.01,0.08,36,93,129,0,object_fall,
6966,172,-504,16828,0.06,-0.27,10,67,16,31,-0.11,0.01,0.02,33,102,132,0,object_fall,
7666,196,-592,16776,0.1,-0.27,10.01,64,19,32,-0.17,0.01,-0.04,36,112,132,0,object_fall,
8366,84,-648,16864,0.08,-0.42,10.13,67,19,32,-0.11,0.01,0.02,32,113,134,0,object_fall,
9065,228,-540,17016,0.12,-0.3,10.11,65,21,32,-0.05,0.25,0.02,35,112,133,0,object_fall,
9766,224,-640,16804,0.1,-0.35,10.04,65,21,31,0.01,0.07,-0.04,36,112,131,0,object_fall,
10465,132,-640,16804,0.06,-0.35,10.09,64,21,30,-0.05,0.13,-0.04,33,112,130,0,object_fall,
observation 28,,,,,,,,,,,,,,,,,object_fall,
695,184,-520,16624,0.14,-0.31,9.97,64,21,31,-0.11,0.07,0.14,54,128,195,0,object_fall,
1132,-116,-656,17324,0.11,-0.31,10.14,67,21,34,0.08,0.56,0.08,57,125,203,2146,object_fall,
1185,148,-580,16804,0.11,-0.31,10.14,67,20,33,0.01,-0.05,0.08,61,128,210,1,object_fall,
1215,88,-548,16664,0.08,-0.3,10,66,21,31,0.08,-0.05,-0.1,66,79,192,553,object_fall,
1251,196,-512,16892,0.11,-0.37,10.14,66,21,34,-0.05,-0.05,0.08,62,68,179,351,object_fall,
1952,76,-608,16900,0.11,-0.34,10.06,67,19,31,0.01,-0.05,-0.04,56,59,177,0,object_fall,
2396,244,-624,16928,0.07,-0.3,10.17,63,19,30,-0.23,0.07,0.08,64,118,201,0,object_fall,
2699,120,-528,16908,0.08,-0.27,10.08,65,18,31,0.08,0.01,0.02,65,114,203,0,object_fall,
2767,96,-548,16832,0.05,-0.33,10.04,66,19,29,0.01,0.07,0.02,62,109,201,1,object_fall,
2854,116,-644,16916,0.08,-0.37,10,66,18,35,-0.05,0.13,0.14,60,82,192,0,object_fall,
2943,196,-600,17048,0.11,-0.36,10.18,66,19,32,0.08,0.13,0.02,60,77,188,0,object_fall,
2951,76,-644,16960,0.05,-0.39,10.15,68,17,32,0.14,-0.17,0.02,66,333,260,23,object_fall,
3651,200,-580,16888,0.11,-0.36,10.07,64,21,32,0.01,0.13,0.14,59,259,240,0,object_fall,
4352,172,-584,16876,0.1,-0.36,10.1,66,17,32,-0.17,-0.17,0.02,67,161,220,0,object_fall,
5051,140,-560,16896,0.08,-0.39,10.07,66,21,34,0.01,0.01,0.2,74,135,216,0,object_fall,
5752,72,-588,16892,0.01,-0.37,10.07,66,22,32,-0.05,0.07,0.08,78,132,221,0,object_fall,
6451,68,-580,16892,0.07,-0.38,10.08,65,18,30,0.08,-0.05,0.02,78,130,224,0,object_fall,
7151,232,-548,16760,0.09,-0.33,9.96,67,20,32,0.01,0.01,0.02,82,132,229,0,object_fall,
7851,52,-596,16820,0.03,-0.35,9.99,66,19,30,-0.11,0.01,-0.04,83,133,234,0,object_fall,
8551,232,-572,16936,0.09,-0.33,10.08,63,19,34,-0.17,0.07,0.14,81,133,238,0,object_fall,
9251,136,-604,16776,0.1,-0.32,10.04,66,16,30,0.08,0.07,-0.04,87,134,238,0,object_fall,
9951,60,-636,16776,0.1,-0.34,10.09,64,23,34,-0.17,0.07,0.2,86,135,239,0,object_fall,
10650,208,-544,16764,0.16,-0.34,10.04,66,19,31,0.01,-0.05,0.08,83,133,240,0,object_fall,
observation 29,,,,,,,,,,,,,,,,,object_fall,
695,44,-556,16768,-0.03,-0.34,10.01,66,15,31,0.08,-0.11,-0.04,97,188,275,0,object_fall,
815,-84,-600,17044,0.08,-0.28,10.07,67,28,36,0.01,0.68,0.2,92,155,261,2221,object_fall,
1515,152,-580,16896,0.07,-0.37,10.05,65,20,32,0.08,0.13,0.08,92,127,251,0,object_fall,
2215,192,-572,16848,0.06,-0.33,10.12,66,18,31,-0.05,0.13,0.08,88,136,249,0,object_fall,
2915,136,-588,16820,0.08,-0.36,10.1,64,18,31,0.08,-0.11,0.02,90,141,247,0,object_fall,
3614,252,-568,16756,0.15,-0.34,10.11,66,19,30,-0.05,0.07,-0.04,93,138,244,0,object_fall,
4315,172,-612,17000,0.07,-0.35,10.13,67,19,32,0.14,0.01,0.2,93,141,239,0,object_fall,
5014,184,-580,17008,0.08,-0.34,10.16,67,18,32,-0.11,-0.05,0.14,84,140,238,0,object_fall,
5715,276,-620,16856,0.05,-0.38,10.19,66,19,30,0.01,0.01,-0.04,86,138,235,0,object_fall,
6414,220,-584,16836,0.14,-0.36,10.05,69,21,30,0.08,0.13,-0.1,83,138,228,0,object_fall,
7114,92,-616,16840,0.07,-0.36,10.11,64,18,32,-0.05,-0.11,0.08,87,139,227,0,object_fall,
7814,164,-556,16828,0.12,-0.35,10.05,66,22,31,0.08,0.13,0.2,87,138,224,0,object_fall,
8514,96,-568,16828,0.1,-0.36,10.11,65,18,30,-0.05,0.01,0.08,82,138,222,0,object_fall,
9214,64,-576,16944,0.13,-0.31,10.08,63,20,32,-0.29,0.01,0.02,81,137,213,0,object_fall,
9914,104,-592,16872,0.1,-0.32,10.08,65,20,36,0.01,0.07,0.08,79,137,215,0,object_fall,
10613,168,-644,16876,0.14,-0.37,10.09,66,18,32,0.01,0.13,-0.04,76,137,212,0,object_fall,
observation 30,,,,,,,,,,,,,,,,,object_fall,
696,156,-572,16760,0.11,-0.33,10.08,65,19,31,-0.05,0.07,0.08,83,194,227,0,object_fall,
1329,-128,-432,17968,0.11,-0.32,10.59,81,25,16,4.59,10.56,3.86,78,153,214,941,object_fall,
2029,36,-600,16752,0.07,-0.4,10.04,65,16,30,-0.05,-0.11,0.14,79,139,222,0,object_fall,
2729,180,-568,16696,0.05,-0.32,10,65,18,32,-0.11,-0.11,0.02,81,136,204,0,object_fall,
3429,68,-404,16908,0.08,-0.3,10.07,67,22,30,0.14,0.01,0.02,81,137,203,0,object_fall,
4129,192,-616,16776,0.04,-0.36,10.04,63,19,31,0.08,-0.05,0.02,80,137,200,0,object_fall,
4829,144,-504,16760,0.1,-0.33,10.09,64,20,31,-0.05,0.07,0.02,75,136,200,0,object_fall,
5528,132,-656,16920,0.06,-0.37,10.09,65,18,29,0.08,-0.05,0.02,76,136,198,0,object_fall,
6229,84,-620,16836,0.09,-0.38,10.06,67,21,31,0.01,0.01,-0.04,76,137,198,0,object_fall,
6928,92,-544,16816,0.06,-0.35,10.01,66,18,34,0.08,0.07,0.26,79,137,196,0,object_fall,
7629,80,-636,16828,0.09,-0.35,10.1,64,18,31,0.01,0.01,0.02,73,136,194,0,object_fall,
8328,144,-608,16844,0.05,-0.32,10.06,66,20,32,-0.11,0.19,0.02,79,138,195,0,object_fall,
9028,128,-576,16752,0.13,-0.34,10.01,66,16,32,0.01,0.01,0.14,78,138,194,0,object_fall,
9728,52,-516,16916,0.01,-0.37,10.11,63,19,29,-0.17,0.01,-0.04,76,139,193,0,object_fall,
10428,88,-536,16788,0.06,-0.32,10.09,62,19,31,0.08,0.01,-0.1,77,139,189,0,object_fall,
observation 31,,,,,,,,,,,,,,,,,object_fall,
696,140,-592,16832,0.07,-0.37,10.09,63,17,31,-0.11,-0.17,0.14,84,224,225,0,object_fall,
1396,220,-548,16844,0.09,-0.33,10.1,63,20,29,-0.17,0.07,-0.17,86,172,210,0,object_fall,
2096,180,-568,16808,0.02,-0.34,10.05,63,18,33,-0.05,0.07,-0.04,86,245,229,0,object_fall,
2111,448,-776,13664,-0.15,-0.39,11.43,78,-14,14,-1.51,9.46,3.74,79,249,235,466,object_fall,
2811,52,-544,16848,0.09,-0.32,10.01,63,20,29,-0.05,0.07,0.02,84,201,225,0,object_fall,
3512,136,-660,16664,0.06,-0.32,10.08,63,19,31,-0.11,0.19,0.2,85,264,237,0,object_fall,
4211,132,-520,16836,0.04,-0.37,10.1,66,22,30,0.08,0.13,-0.1,86,246,233,0,object_fall,
4912,44,-588,16800,0.03,-0.3,10.01,67,17,32,0.01,-0.11,0.14,83,237,230,0,object_fall,
5611,80,-604,16844,0.1,-0.35,10.07,68,19,32,0.2,0.01,-0.04,81,230,229,0,object_fall,
6311,84,-516,16852,0.05,-0.33,10.05,63,21,31,-0.23,0.01,0.08,85,243,235,0,object_fall,
7011,216,-588,16816,0.11,-0.43,10.06,64,20,30,-0.17,0.01,0.08,87,240,235,0,object_fall,
7711,132,-584,16788,0.08,-0.33,9.99,64,19,34,0.01,-0.05,0.02,88,239,236,0,object_fall,
8411,112,-540,16840,0.04,-0.29,10.05,65,20,29,0.08,0.13,-0.04,87,225,232,0,object_fall,
9111,136,-616,16976,0.11,-0.32,10.07,66,19,29,-0.05,0.07,0.02,88,229,232,0,object_fall,
9810,140,-524,16860,0.05,-0.3,10.06,70,20,30,0.01,0.01,0.02,88,232,231,0,object_fall,
10511,188,-628,16688,0.16,-0.33,10,63,19,29,-0.05,0.01,-0.1,84,231,229,0,object_fall,
observation 32,,,,,,,,,,,,,,,,,object_fall,
696,124,-592,16852,0.09,-0.34,10.12,63,16,32,-0.05,0.01,0.08,93,215,226,0,object_fall,
1200,-28,-424,17624,0,-0.41,10.95,67,17,30,-0.17,0.07,0.02,87,218,229,1003,object_fall,
1221,-200,-560,12032,0.02,-0.43,11.39,66,-8,34,-0.05,-0.72,0.02,85,254,237,447,object_fall,
1922,116,-608,16884,0.05,-0.31,10.11,67,20,29,0.08,0.13,-0.04,81,250,233,0,object_fall,
2621,196,-512,16884,0.09,-0.33,10.09,64,23,32,-0.11,0.13,0.08,91,231,233,0,object_fall,
3321,164,-600,16808,0.09,-0.33,10.07,65,19,33,-0.05,0.01,0.08,89,230,234,0,object_fall,
4021,156,-572,16776,0.12,-0.4,10.05,65,20,35,-0.05,0.13,0.14,86,240,238,0,object_fall,
4721,128,-556,16820,0.08,-0.33,10.1,64,21,33,-0.05,0.07,0.08,89,242,239,0,object_fall,
5421,88,-628,16796,0.04,-0.34,10.05,66,18,29,-0.17,0.01,-0.23,88,239,240,0,object_fall,
6121,160,-492,16736,0.07,-0.36,10.07,67,21,33,-0.17,0.01,0.02,88,238,238,0,object_fall,
6820,144,-572,16760,0.09,-0.35,9.98,65,22,32,-0.17,0.01,0.08,88,231,239,0,object_fall,
7521,48,-596,16972,0.09,-0.32,10.1,66,19,28,-0.11,0.07,-0.04,95,228,238,0,object_fall,
8220,176,-648,16868,0.14,-0.38,10.05,66,19,29,-0.05,-0.05,-0.17,96,240,243,0,object_fall,
8921,140,-572,16952,0.08,-0.34,10.14,65,20,31,0.08,0.19,0.02,94,229,241,0,object_fall,
9620,164,-476,16772,0.1,-0.24,10.13,66,17,31,-0.11,-0.05,0.08,89,235,243,0,object_fall,
10320,156,-604,16968,0.07,-0.3,10.04,66,19,29,-0.05,0.01,0.08,92,214,237,0,object_fall,
observation 33,,,,,,,,,,,,,,,,,object_fall,
696,192,-596,16744,0.07,-0.34,10.06,63,16,32,-0.23,-0.17,0.14,93,174,213,0,object_fall,
922,-20,-836,14228,0.67,-0.36,8.38,70,26,34,-0.05,-0.72,0.2,90,154,210,760,object_fall,
945,-552,-340,10712,0.27,-0.4,11.06,60,-2,30,0.08,1.11,-0.04,83,131,203,491,object_fall,
1645,148,-548,16848,0.01,-0.38,10.12,65,21,30,0.14,0.13,-0.17,90,109,186,0,object_fall,
2345,144,-576,16880,0.08,-0.34,10.07,65,20,32,0.01,-0.05,0.26,90,136,200,0,object_fall,
3045,196,-552,16980,0.12,-0.35,10.14,64,21,34,-0.05,0.13,0.14,86,143,197,0,object_fall,
3745,192,-560,16784,0.11,-0.35,10.08,63,18,29,-0.05,-0.11,-0.04,87,144,196,0,object_fall,
4444,156,-524,16780,0.11,-0.31,10.1,64,20,32,0.01,0.01,0.08,85,144,195,0,object_fall,
5145,144,-576,16836,0.06,-0.37,10.02,66,19,32,-0.11,0.01,-0.04,87,145,194,0,object_fall,
5844,144,-544,16860,0.11,-0.28,10.08,65,20,31,0.01,0.07,-0.04,94,147,191,0,object_fall,
6545,136,-584,16980,0.05,-0.34,10.1,67,17,32,0.01,-0.05,0.02,87,146,194,0,object_fall,
7244,168,-532,16764,0.06,-0.35,10.08,66,19,31,0.01,0.07,0.08,87,146,194,0,object_fall,
7945,212,-504,16824,0.12,-0.35,10.15,64,17,32,-0.11,0.01,0.14,87,172,202,0,object_fall,
8644,132,-556,17004,0.08,-0.34,10.11,66,16,28,0.01,-0.17,-0.04,88,190,209,0,object_fall,
9344,172,-668,16836,0.1,-0.39,10.1,64,18,31,-0.23,-0.17,0.14,88,191,210,0,object_fall,
10044,144,-592,16876,0.13,-0.34,10.09,66,16,30,0.14,-0.05,0.02,94,190,211,0,object_fall,
observation 34,,,,,,,,,,,,,,,,,object_fall,
695,284,-612,16808,0.11,-0.35,10.08,67,23,30,0.14,0.19,-0.04,87,188,201,0,object_fall,
1135,312,-620,15952,0.06,-0.3,9.66,64,18,29,0.01,0.86,-0.04,87,194,205,1303,object_fall,
1187,-568,-1540,13740,0.45,-0.07,5.61,62,26,30,0.08,-0.72,-0.1,84,188,199,84,object_fall,
1887,244,-568,16736,0.11,-0.36,10.09,65,20,34,-0.05,0.01,0.2,91,140,185,0,object_fall,
2586,136,-592,16880,0.07,-0.35,10.1,64,17,30,-0.17,-0.05,-0.04,90,139,187,0,object_fall,
3287,136,-544,16788,0.13,-0.38,10.1,66,16,33,-0.05,-0.05,0.08,90,143,185,0,object_fall,
3987,288,-572,16780,0.09,-0.34,9.98,63,20,31,-0.11,-0.05,-0.04,85,144,186,0,object_fall,
4687,160,-532,16844,0.1,-0.31,10.01,69,19,30,0.2,0.07,0.08,89,142,184,0,object_fall,
5387,160,-644,16696,0.07,-0.33,10.05,66,17,31,0.14,-0.17,0.08,89,141,185,0,object_fall,
6086,124,-672,16744,0.08,-0.38,10.14,65,18,31,0.14,0.01,0.32,89,142,186,0,object_fall,
6787,156,-568,16912,0.12,-0.33,10.05,64,19,33,-0.11,0.13,-0.04,87,142,189,0,object_fall,
7486,144,-468,16912,0.08,-0.37,10.09,65,19,32,-0.11,0.07,-0.04,90,144,187,0,object_fall,
8187,136,-592,16888,0.08,-0.33,10.12,66,16,31,0.01,-0.23,-0.04,87,145,183,0,object_fall,
8886,128,-600,16948,0.14,-0.33,10.15,66,19,30,0.2,0.19,0.02,89,144,184,0,object_fall,
9586,168,-620,16936,0.11,-0.35,10.07,67,15,33,0.08,0.01,-0.04,87,146,183,0,object_fall,
10286,144,-572,16936,0.08,-0.36,10.15,65,22,32,-0.11,-0.05,0.08,88,146,185,0,object_fall,
observation 35,,,,,,,,,,,,,,,,,object_fall,
695,124,-608,16852,0.1,-0.42,10.03,68,21,31,0.01,-0.11,-0.1,95,167,195,0,object_fall,
796,-124,-896,15080,-0.07,-0.54,9.02,1,0,22,-4.01,-7.06,-1.32,91,150,192,666,object_fall,
809,360,-556,16004,-0.04,-0.28,9.88,64,35,30,-0.11,0.74,-0.1,79,104,175,0,object_fall,
1509,140,-536,16868,0.11,-0.32,10.03,65,21,30,0.01,0.13,-0.17,91,107,173,0,object_fall,
2209,172,-588,16728,0.04,-0.31,10,65,15,28,-0.11,-0.11,-0.04,86,136,182,0,object_fall,
2909,132,-560,16968,0.14,-0.33,10.05,66,21,31,0.08,0.13,0.08,88,142,184,0,object_fall,
3609,164,-460,16824,0.07,-0.34,10.1,65,18,31,-0.23,-0.05,0.14,90,143,186,0,object_fall,
4309,52,-584,16936,0.07,-0.33,10.19,67,19,30,-0.05,-0.05,-0.04,89,144,186,0,object_fall,
5008,240,-432,16868,0.12,-0.3,10.12,65,17,28,0.01,-0.11,0.02,92,144,185,0,object_fall,
5709,96,-532,16796,0.07,-0.34,10.07,68,18,29,0.01,-0.17,-0.1,87,143,185,0,object_fall,
6408,156,-652,16544,0.07,-0.39,10.02,66,18,33,0.01,0.25,0.2,91,144,186,0,object_fall,
7109,144,-620,16916,0.06,-0.37,10.13,65,18,30,-0.05,-0.17,-0.04,89,144,185,0,object_fall,
7808,152,-644,16768,0.07,-0.33,10.02,65,19,33,0.08,-0.11,0.14,91,143,183,0,object_fall,
8508,140,-544,16784,0.11,-0.35,10.05,66,19,31,-0.11,0.19,-0.04,88,145,184,0,object_fall,
9208,164,-632,16868,0.06,-0.37,10.06,65,21,31,0.14,0.13,-0.1,88,140,183,0,object_fall,
9908,64,-508,16664,0.1,-0.28,10.05,66,15,30,-0.05,-0.17,-0.04,91,142,184,0,object_fall,
10608,84,-600,16752,0.11,-0.31,10.07,63,19,31,-0.11,-0.05,0.08,93,142,186,0,object_fall,
observation 36,,,,,,,,,,,,,,,,,object_fall,
697,216,-536,16880,0.09,-0.36,10,65,20,30,0.01,0.01,0.08,97,183,195,0,object_fall,
1396,208,-556,16708,0.07,-0.33,10.07,68,19,31,-0.17,0.01,0.14,95,161,190,0,object_fall,
1558,-48,-800,16932,0.19,-0.39,9.39,69,-1,29,0.08,0.19,0.02,95,153,188,1192,object_fall,
1578,-48,-764,15712,0.38,-0.39,9.09,66,21,35,-0.23,-0.66,0.2,96,131,181,746,object_fall,
2279,52,-540,16764,0.08,-0.34,10.06,66,19,30,-0.05,0.01,-0.04,93,114,170,0,object_fall,
2979,136,-652,16876,0.05,-0.39,10.08,68,17,32,0.14,0.01,0.08,97,143,183,0,object_fall,
3679,168,-568,16888,0.09,-0.31,10.11,67,18,35,0.08,-0.05,0.26,96,149,186,0,object_fall,
4379,56,-544,16920,0.07,-0.31,10.07,64,22,29,0.01,0.19,-0.1,99,150,186,0,object_fall,
5078,100,-552,16856,0.09,-0.35,10.11,65,16,31,-0.05,-0.11,0.14,99,150,186,0,object_fall,
5779,180,-576,17008,0.06,-0.29,10.02,66,25,30,0.01,0.38,0.14,96,149,186,0,object_fall,
6478,132,-600,16900,0.1,-0.39,10.06,64,18,34,0.08,0.07,0.14,93,147,185,0,object_fall,
7179,68,-508,16828,0.11,-0.35,10.1,65,22,31,-0.11,0.19,-0.04,98,150,186,0,object_fall,
7878,96,-532,16800,0.06,-0.39,10.05,66,17,30,0.08,-0.17,0.08,99,147,186,0,object_fall,
8578,124,-468,16840,0.1,-0.35,10.03,67,20,35,0.01,-0.05,0.2,95,148,186,0,object_fall,
9278,56,-604,16876,0.05,-0.39,10.04,66,20,29,0.08,0.07,0.14,94,148,185,0,object_fall,
9978,184,-544,16716,0.06,-0.35,10.05,70,18,36,0.01,-0.05,0.14,94,147,184,0,object_fall,
10678,-40,-640,16808,0,-0.38,10.03,67,20,32,0.08,0.19,0.02,95,149,180,0,object_fall,
observation 37,,,,,,,,,,,,,,,,,object_fall,
697,132,-568,16820,0.04,-0.35,10.14,67,19,32,0.01,-0.05,-0.04,96,172,190,0,object_fall,
919,-404,-280,16124,0.37,-0.37,9.54,60,41,31,0.14,0.25,0.14,97,158,188,654,object_fall,
1618,180,-576,16848,0.08,-0.31,10.14,65,21,32,0.08,0.07,-0.04,81,116,181,0,object_fall,
2319,128,-524,16816,0.08,-0.33,10.09,64,20,32,-0.05,0.19,0.08,99,147,186,0,object_fall,
3018,232,-596,16888,0.07,-0.37,10.09,66,20,31,-0.05,0.19,0.14,97,151,186,0,object_fall,
3719,108,-624,16668,0.12,-0.37,10.05,64,19,30,-0.17,0.07,-0.04,103,151,188,0,object_fall,
4419,92,-476,16924,0.07,-0.36,10.09,68,17,33,0.01,-0.11,0.2,100,150,188,0,object_fall,
5118,24,-588,16840,0.09,-0.35,10.05,68,21,32,0.01,0.13,0.08,101,150,189,0,object_fall,
5819,192,-700,16648,0.08,-0.39,10.06,66,19,32,-0.05,-0.05,-0.04,102,150,188,0,object_fall,
6518,96,-620,16888,0.05,-0.35,10.19,66,19,30,0.08,0.07,-0.1,100,150,189,0,object_fall,
7219,136,-648,16780,0.08,-0.36,10.13,66,20,31,0.14,0.01,-0.04,100,150,189,0,object_fall,
7918,40,-620,16856,0.06,-0.43,10.1,65,22,29,-0.05,0.07,0.08,99,150,189,0,object_fall,
8618,160,-588,16980,0.1,-0.35,10.16,67,19,30,0.01,-0.05,0.08,102,152,189,0,object_fall,
9318,248,-560,16892,0.12,-0.35,10.06,67,19,33,0.01,0.01,0.14,98,153,190,0,object_fall,
10018,132,-552,16808,0.08,-0.25,9.99,66,22,31,0.01,-0.05,0.02,101,153,193,0,object_fall,
observation 38,,,,,,,,,,,,,,,,,object_fall,
696,72,-612,16924,0.11,-0.33,10,67,18,32,-0.05,-0.05,0.02,104,172,197,0,object_fall,
1002,228,-696,16468,0.37,-0.34,9.15,153,89,56,-2.42,0.13,-1.08,104,158,194,724,object_fall,
1702,120,-572,16600,0.08,-0.36,10.04,65,19,32,0.01,0.01,0.02,97,136,185,0,object_fall,
2402,152,-608,16908,0.07,-0.36,10.12,65,21,33,0.01,0.07,0.02,103,152,190,0,object_fall,
3102,196,-564,16840,0.04,-0.35,9.99,67,21,30,0.08,0.19,-0.04,102,154,191,0,object_fall,
3802,192,-656,16792,0.1,-0.38,10.04,65,21,33,0.01,0.13,0.08,102,153,190,0,object_fall,
4501,100,-576,16712,0.1,-0.38,10.08,66,18,31,-0.11,0.07,0.14,102,149,189,0,object_fall,
5202,140,-536,16892,0.07,-0.34,9.97,63,19,31,-0.11,0.01,0.02,103,151,188,0,object_fall,
5901,44,-524,16756,0.11,-0.33,10.03,69,18,32,0.08,0.07,0.02,102,152,189,0,object_fall,
6602,96,-600,17024,0.08,-0.31,10.05,66,19,34,-0.11,-0.05,0.26,103,152,190,0,object_fall,
7301,36,-612,16832,0.07,-0.38,10.07,68,18,32,0.08,0.01,0.02,105,154,189,0,object_fall,
8001,136,-600,16848,0.06,-0.34,10.06,64,22,30,0.01,0.31,0.08,104,152,186,0,object_fall,
8701,76,-576,16784,0.03,-0.31,10.1,66,22,31,-0.05,0.07,0.08,103,152,188,0,object_fall,
9401,88,-592,16792,0.09,-0.37,10.09,64,22,30,0.08,0.07,-0.04,101,151,187,0,object_fall,
10101,120,-480,16932,0.12,-0.32,10.06,67,19,30,0.01,-0.11,0.02,100,150,186,0,object_fall,
observation 39,,,,,,,,,,,,,,,,,object_fall,
696,124,-604,16896,0.12,-0.4,10.07,66,21,33,0.2,-0.05,0.2,104,175,194,0,object_fall,
1244,-56,-600,17216,-0.03,-0.36,10.3,68,37,34,0.2,0.74,0.08,100,158,190,1735,object_fall,
1945,72,-568,16820,0.09,-0.36,10.02,67,17,27,0.2,-0.17,-0.17,105,189,198,0,object_fall,
2644,96,-528,16728,0.06,-0.33,10.09,67,20,32,0.14,0.13,0.14,103,144,187,0,object_fall,
3345,136,-576,16864,0.08,-0.37,10.08,64,18,34,-0.11,0.07,0.2,107,151,189,0,object_fall,
4044,60,-552,16856,0.1,-0.33,10.04,66,18,32,-0.05,-0.05,0.02,104,153,189,0,object_fall,
4744,56,-668,16740,0.01,-0.38,10.08,68,20,31,0.14,0.07,0.02,106,154,190,0,object_fall,
5444,60,-636,16804,0.08,-0.39,10.05,62,18,33,0.01,0.13,0.14,107,153,188,0,object_fall,
6144,152,-604,16888,0.1,-0.37,10.14,64,19,31,-0.17,-0.11,-0.1,102,153,189,0,object_fall,
6845,100,-552,16816,0.13,-0.34,10.1,64,18,33,0.01,-0.11,0.14,105,154,188,0,object_fall,
7544,60,-576,16864,0.06,-0.31,10,65,19,31,0.08,0.13,0.14,107,154,188,0,object_fall,
8244,68,-516,16848,0.07,-0.33,10.11,66,19,36,-0.05,-0.23,-0.04,104,152,187,0,object_fall,
8944,60,-584,16884,0.07,-0.36,10.08,67,20,32,0.01,0.01,0.08,105,153,186,0,object_fall,
9644,208,-580,16816,0.09,-0.34,10.04,66,16,32,-0.05,-0.11,0.08,107,152,183,0,object_fall,
10344,252,-576,16764,0.08,-0.33,10.12,63,20,32,-0.11,0.25,0.02,103,152,184,0,object_fall,
observation 40,,,,,,,,,,,,,,,,,object_fall,
696,144,-556,16916,0.1,-0.35,10.05,66,19,32,0.01,0.13,-0.04,100,173,188,0,object_fall,
1396,208,-668,17008,0.15,-0.43,10.13,65,20,33,-0.05,0.13,-0.04,102,158,184,0,object_fall,
1412,-336,-696,16768,0.46,-0.33,8.96,67,25,36,0.26,-0.36,0.08,103,154,183,686,object_fall,
1423,-636,-188,15556,0.37,-0.44,9.97,69,23,34,0.01,0.07,0.14,117,120,191,14,object_fall,
2124,176,-556,16672,0.09,-0.36,9.98,65,19,33,-0.11,-0.05,-0.1,98,128,171,0,object_fall,
2824,84,-540,16756,0.1,-0.36,10.09,66,20,31,-0.05,0.01,0.08,98,142,175,0,object_fall,
3523,36,-632,16764,0.1,-0.35,10.06,65,19,29,-0.05,-0.05,0.02,101,149,177,0,object_fall,
4224,132,-608,16792,0.07,-0.33,10.07,65,17,30,-0.05,-0.05,-0.1,102,151,178,0,object_fall,
4923,84,-616,16832,0.07,-0.41,10.04,65,16,33,-0.05,0.01,0.08,102,152,178,0,object_fall,
5624,136,-608,16844,0.05,-0.37,10.13,65,19,32,0.14,0.07,0.08,104,151,176,0,object_fall,
6323,196,-600,16840,0.07,-0.34,10.1,64,20,28,-0.11,0.13,-0.17,101,152,176,0,object_fall,
7023,208,-624,16664,0.12,-0.37,10.04,64,20,31,-0.11,0.07,0.02,101,151,178,0,object_fall,
7723,156,-556,16796,0.15,-0.37,10.11,69,19,33,0.01,0.31,0.26,103,152,181,0,object_fall,
8423,156,-632,16820,0.01,-0.35,10.05,67,20,33,0.08,0.13,0.14,98,150,178,0,object_fall,
9123,188,-520,16852,0.11,-0.33,10.18,66,19,32,0.08,-0.23,-0.1,102,152,178,0,object_fall,
9823,108,-620,16808,0.09,-0.35,10.06,65,18,35,0.01,-0.11,0.02,102,151,177,0,object_fall,
10522,108,-624,16848,0.05,-0.35,10.13,66,20,30,-0.11,0.13,0.02,98,150,177,0,object_fall,
observation 41,,,,,,,,,,,,,,,,,object_fall,
697,144,-588,16796,0.16,-0.37,10.02,63,21,30,-0.17,0.19,0.02,108,169,194,0,object_fall,
1107,460,-1160,16256,0.42,-0.14,10.57,58,5,34,4.65,8.67,1.3,107,154,189,459,object_fall,
1807,128,-608,16784,0.07,-0.33,10.02,65,19,34,0.01,-0.05,0.14,110,142,213,0,object_fall,
2507,136,-672,16836,0.06,-0.37,9.99,64,17,30,0.01,-0.05,0.02,106,151,189,0,object_fall,
3206,232,-616,16888,0.05,-0.37,10.11,64,20,30,-0.05,0.07,-0.04,110,154,187,0,object_fall,
3907,132,-484,16784,0.14,-0.35,10.05,65,20,31,0.08,0.01,0.08,105,153,187,0,object_fall,
4606,92,-656,16784,0.07,-0.36,10.15,65,15,32,0.01,-0.11,0.08,105,154,187,0,object_fall,
5307,184,-568,16960,0.12,-0.33,10.18,68,17,35,0.14,-0.11,0.14,106,154,187,0,object_fall,
6006,-16,-592,16956,0.04,-0.35,10.11,66,18,28,0.08,0.01,-0.04,103,153,185,0,object_fall,
6707,112,-608,16948,0.11,-0.36,10.1,68,20,30,0.08,0.01,0.02,104,154,185,0,object_fall,
7407,116,-492,16868,0.07,-0.33,10.12,65,19,32,0.2,0.01,0.08,105,154,184,0,object_fall,
8106,140,-576,16872,0.1,-0.33,10.1,64,19,30,-0.05,-0.05,-0.04,106,154,182,0,object_fall,
8807,116,-620,16840,0.11,-0.34,10,66,19,28,0.08,-0.05,-0.1,104,153,183,0,object_fall,
9506,136,-612,16844,0.07,-0.38,10.08,65,20,33,0.01,-0.11,0.02,102,152,182,0,object_fall,
10207,84,-596,16792,0.06,-0.37,10.07,63,20,31,-0.17,0.13,0.08,107,154,181,0,object_fall,
observation 42,,,,,,,,,,,,,,,,,object_fall,
695,80,-616,16768,0.06,-0.35,10,63,17,32,-0.05,-0.11,0.08,116,175,229,0,object_fall,
1395,236,-540,16844,0.13,-0.36,10.05,66,18,32,0.08,0.01,0.08,118,160,224,0,object_fall,
1700,-244,1316,-2520,1.41,-3.11,19.6,240,109,50,-5.05,0.5,-1.08,121,157,219,164,object_fall,
1715,116,-532,17212,0.06,-0.34,9.64,67,29,30,0.01,0.62,0.02,110,132,214,56,object_fall,
2415,96,-496,16812,0.03,-0.33,10.12,67,21,32,0.14,0.07,0.02,112,136,207,0,object_fall,
3115,68,-676,16772,0.07,-0.35,10.03,67,20,33,0.08,0.07,-0.04,115,149,212,0,object_fall,
3815,152,-560,16704,0.07,-0.34,10.03,63,21,32,-0.05,0.13,0.02,111,151,212,0,object_fall,
4514,160,-572,16848,0.1,-0.34,10.08,66,18,30,0.01,0.01,0.08,117,156,214,0,object_fall,
5215,152,-592,16800,0.09,-0.29,10.05,64,16,32,-0.05,0.01,0.08,116,155,214,0,object_fall,
5914,88,-628,16980,0.06,-0.35,10.16,67,20,30,-0.05,0.07,-0.04,115,155,214,0,object_fall,
6615,132,-600,16916,0.08,-0.38,10.08,67,16,29,0.01,-0.11,0.08,119,155,213,0,object_fall,
7314,164,-612,16888,0.11,-0.38,10.14,63,19,32,-0.17,-0.05,0.26,117,154,212,0,object_fall,
8014,164,-532,16760,0.11,-0.35,10.13,63,19,33,-0.05,0.07,0.08,112,154,213,0,object_fall,
8714,172,-496,16884,0.13,-0.33,10.1,67,20,33,0.08,-0.05,0.08,113,153,213,0,object_fall,
9414,148,-612,16912,0.05,-0.39,10.1,64,22,35,-0.05,0.13,0.26,112,154,213,0,object_fall,
10115,88,-516,16952,0.09,-0.31,10.1,66,19,31,0.01,-0.05,0.14,109,153,211,0,object_fall,
observation 43,,,,,,,,,,,,,,,,,object_fall,
696,32,-560,16864,0.02,-0.33,10.05,64,19,31,0.01,-0.05,-0.23,121,175,228,0,object_fall,
1140,256,-616,16532,0.15,-0.37,9.89,65,21,33,-0.11,-0.17,0.14,120,162,224,1670,object_fall,
1840,116,-584,16928,0.06,-0.37,10.12,63,17,32,-0.23,-0.05,-0.04,120,159,223,0,object_fall,
2540,172,-592,16844,0.04,-0.31,10.07,66,18,31,0.14,-0.05,0.02,119,156,221,0,object_fall,
3240,200,-600,16768,0.11,-0.38,9.99,65,19,31,-0.05,0.01,0.08,116,156,221,0,object_fall,
3939,136,-572,16980,0.07,-0.34,10.1,66,21,29,0.14,0.01,0.02,117,157,221,0,object_fall,
4640,128,-508,16728,0.08,-0.3,10.01,66,19,30,0.01,-0.05,-0.1,121,158,217,0,object_fall,
5340,172,-512,16852,0.08,-0.33,10.08,66,20,32,0.2,0.01,0.14,118,166,221,0,object_fall,
6040,152,-516,16860,0.11,-0.34,10.05,68,19,31,0.08,0.01,-0.17,117,150,216,0,object_fall,
6740,104,-508,16760,0.09,-0.31,10.11,65,19,30,-0.17,0.13,0.08,122,155,216,0,object_fall,
7439,172,-572,16716,0.14,-0.33,10.05,65,20,30,-0.05,0.13,-0.04,116,156,213,0,object_fall,
8140,248,-624,16668,0.09,-0.36,10.01,67,18,30,-0.05,0.01,-0.04,119,155,212,0,object_fall,
8839,124,-568,16972,0.06,-0.38,10.13,66,16,30,0.01,-0.05,-0.17,115,152,211,0,object_fall,
9540,128,-640,16712,0.12,-0.37,10,67,21,31,-0.05,0.31,0.14,118,155,212,0,object_fall,
10239,120,-612,16876,0.12,-0.38,10.06,68,19,31,0.01,0.01,-0.04,117,156,214,0,object_fall,
observation 44,,,,,,,,,,,,,,,,,object_fall,
696,68,-560,16908,0.03,-0.35,10.02,67,18,31,0.26,-0.11,0.08,129,178,235,0,object_fall,
1191,224,-724,16064,0.45,-0.37,9.22,69,49,46,-1.02,-2.43,-0.17,120,164,228,743,object_fall,
1891,112,-596,16864,0.08,-0.33,10.03,66,17,29,0.14,0.07,-0.04,113,140,210,0,object_fall,
2591,116,-572,16940,0.08,-0.31,10.15,67,18,30,-0.05,0.01,-0.04,127,161,220,0,object_fall,
3291,204,-540,16740,0.06,-0.35,10.04,66,20,32,0.01,-0.17,0.08,122,162,218,0,object_fall,
3990,96,-456,16920,0.08,-0.31,10.01,66,22,31,0.08,0.01,0.08,122,158,216,0,object_fall,
4691,160,-576,16892,0.03,-0.32,10.09,67,16,30,0.01,-0.05,0.02,122,159,215,0,object_fall,
5390,32,-488,16964,0.06,-0.35,10.12,65,17,30,0.01,0.01,-0.04,119,159,212,0,object_fall,
6091,172,-500,16952,0.05,-0.34,10.16,64,17,31,-0.05,0.01,0.14,124,160,213,0,object_fall,
6790,208,-628,16756,0.03,-0.34,10.14,67,20,31,0.01,0.25,0.02,121,159,213,0,object_fall,
7491,96,-664,16712,0.09,-0.32,10.05,69,21,33,0.08,0.13,0.08,122,159,212,0,object_fall,
8190,112,-608,16880,0.05,-0.34,10.12,63,21,32,-0.11,0.07,0.08,117,158,209,0,object_fall,
8890,228,-644,16768,0.06,-0.38,10.08,65,20,31,0.08,0.07,-0.04,120,158,205,0,object_fall,
9590,232,-592,16952,0.08,-0.33,10.13,67,19,33,0.01,-0.11,0.08,113,156,201,0,object_fall,
10290,88,-560,16876,0.06,-0.39,10.12,68,18,30,-0.17,0.07,0.02,111,156,198,0,object_fall,
observation 45,,,,,,,,,,,,,,,,,object_fall,
695,156,-552,16872,0.06,-0.35,10.08,66,19,32,-0.05,0.19,0.08,96,180,162,0,object_fall,
988,608,-636,15668,-0.13,-0.37,10.51,65,16,33,10.26,10.44,1.54,96,164,163,839,object_fall,
1001,380,-696,16424,0.11,-0.43,10.19,65,6,29,0.01,-0.05,0.2,102,135,173,0,object_fall,
1702,132,-616,16836,0,-0.37,10.05,62,20,29,-0.17,0.01,0.02,101,141,162,0,object_fall,
2401,72,-612,16744,0,-0.36,10.07,63,22,34,-0.17,0.01,0.02,101,225,188,0,object_fall,
3102,40,-660,16776,0.08,-0.35,10.02,65,19,29,0.08,0.07,-0.04,101,231,194,0,object_fall,
3801,80,-628,16804,0.06,-0.36,10.13,66,20,33,0.14,0.13,0.14,104,239,205,0,object_fall,
4148,204,-572,16824,0.11,-0.34,10.1,63,19,30,-0.11,-0.11,0.08,109,242,208,318,object_fall,
4699,124,-628,16812,0.03,-0.33,10.03,64,18,34,-0.05,-0.05,0.08,106,257,216,2120,object_fall,
5423,100,-492,16792,0.07,-0.31,10.04,66,19,31,-0.05,0.01,-0.1,109,257,220,9483,object_fall,
6122,164,-556,16856,0.06,-0.37,10.03,66,19,32,-0.11,0.13,-0.04,112,249,221,0,object_fall,
6823,108,-576,16848,0.13,-0.32,10.05,64,17,29,-0.11,-0.23,0.02,112,226,219,0,object_fall,
7522,156,-624,16856,0.1,-0.32,10.07,63,19,30,-0.23,0.01,0.08,111,180,208,0,object_fall,
8223,192,-604,16912,0.11,-0.35,10.11,68,20,31,0.01,0.01,-0.04,111,168,206,0,object_fall,
8922,136,-540,16940,0.01,-0.35,10.15,66,21,30,0.14,0.13,-0.1,113,164,205,0,object_fall,
9622,24,-492,16716,0.01,-0.34,10.06,64,19,31,0.01,0.01,0.02,115,163,205,0,object_fall,
10322,184,-624,16740,0.11,-0.33,10.12,65,21,32,-0.17,0.25,0.02,115,165,205,0,object_fall,
observation 46,,,,,,,,,,,,,,,,,object_fall,
696,92,-608,16872,0.01,-0.37,10.11,67,18,31,0.01,0.01,-0.04,124,178,227,0,object_fall,
1269,-2116,472,11080,1.82,-1.05,4.79,76,10,23,-0.17,0.38,-0.04,124,163,222,149,object_fall,
1290,216,-708,17220,0.06,-0.33,10.48,67,13,35,0.14,0.56,0.14,127,164,223,880,object_fall,
1989,56,-540,16952,0.04,-0.33,10.07,67,19,33,0.2,0.13,-0.04,120,150,212,0,object_fall,
2690,156,-664,16992,0.06,-0.34,10.05,65,19,29,-0.11,0.13,-0.04,125,156,211,0,object_fall,
3389,172,-624,16932,0.11,-0.29,10.12,67,20,28,-0.11,-0.05,-0.1,120,162,213,0,object_fall,
4090,196,-568,16844,0.09,-0.31,10.01,65,17,29,-0.05,-0.23,-0.04,120,162,212,0,object_fall,
4789,176,-528,16964,0.08,-0.35,10.1,68,19,31,0.01,0.01,-0.04,122,160,209,0,object_fall,
5361,88,-620,16812,0.09,-0.37,10.15,68,20,30,-0.05,0.13,0.02,119,163,208,0,object_fall,
6062,60,-648,16852,0.06,-0.35,10.1,65,22,32,-0.05,0.13,0.08,119,164,204,0,object_fall,
6761,176,-568,16796,0.09,-0.36,10.07,67,18,31,0.14,0.07,0.08,123,164,209,0,object_fall,
7462,112,-676,16812,0.04,-0.36,9.99,65,19,31,0.08,0.01,0.08,120,158,203,0,object_fall,
8161,164,-600,16848,0.08,-0.34,10.12,64,19,31,-0.17,-0.17,0.14,120,159,202,0,object_fall,
8861,84,-616,16672,0.06,-0.36,10.06,66,20,33,0.01,0.07,0.02,117,160,200,0,object_fall,
9561,104,-576,16964,0.1,-0.33,10.02,64,20,29,-0.05,-0.05,0.08,117,159,199,0,object_fall,
10261,124,-544,16808,0.1,-0.34,10.02,64,19,30,-0.05,0.01,0.08,118,161,198,0,object_fall,
observation 47,,,,,,,,,,,,,,,,,object_fall,
696,152,-564,16896,0.06,-0.37,10.07,66,17,31,-0.05,0.07,0.14,116,179,199,0,object_fall,
1174,264,-564,15924,0.16,-0.34,9.53,64,21,29,-0.11,-0.11,-0.04,119,165,197,1830,object_fall,
1874,152,-524,16804,0.12,-0.33,10.04,63,22,35,0.01,0.01,0.2,117,162,198,0,object_fall,
2574,176,-648,16884,0.08,-0.38,10.03,65,19,32,-0.11,0.01,-0.1,121,155,190,0,object_fall,
3273,192,-624,16892,0.05,-0.35,10.09,69,17,30,-0.11,0.07,-0.04,116,157,195,0,object_fall,
3974,172,-608,16612,0.04,-0.38,10.02,63,20,31,-0.17,-0.05,0.08,119,159,196,0,object_fall,
4673,164,-572,16704,0.09,-0.36,10.03,62,18,30,-0.05,0.07,0.14,115,157,194,0,object_fall,
5374,128,-600,16816,0.08,-0.36,10.12,66,21,32,-0.11,0.01,0.08,118,160,195,0,object_fall,
6073,244,-520,16744,0.09,-0.33,10.04,66,18,32,-0.05,-0.05,-0.04,122,160,195,0,object_fall,
6773,152,-576,16900,0.09,-0.33,10.1,65,16,30,0.08,-0.11,-0.29,116,160,197,0,object_fall,
7474,96,-552,16868,0.04,-0.31,10.09,69,16,32,0.08,-0.23,0.14,119,159,197,0,object_fall,
8173,84,-520,16792,0.07,-0.31,10.1,65,18,34,-0.29,-0.11,0.08,120,160,196,0,object_fall,
8874,220,-608,16808,0.12,-0.39,10.13,63,16,30,0.01,-0.11,-0.1,117,160,197,0,object_fall,
observation 48,,,,,,,,,,,,,,,,,object_fall,
696,152,-588,16876,0.09,-0.35,10.1,67,19,34,0.14,0.13,0.14,133,187,225,0,object_fall,
1396,68,-648,16712,0.06,-0.38,10,66,20,33,0.14,0.01,0.26,134,177,217,0,object_fall,
2096,164,-572,16892,0.08,-0.33,10.1,66,22,30,-0.17,0.19,0.02,127,170,216,0,object_fall,
2795,140,-628,16888,0.13,-0.33,10.12,68,18,32,0.01,-0.05,0.08,131,172,214,0,object_fall,
3496,208,-504,16728,0.18,-0.38,10.01,65,21,30,0.01,0.01,0.02,130,168,211,0,object_fall,
4195,196,-572,16816,0.09,-0.34,10.1,67,19,32,0.08,-0.05,0.02,129,210,221,0,object_fall,
4896,104,-644,16800,0.11,-0.38,10.1,68,21,32,-0.05,0.01,-0.04,126,216,222,0,object_fall,
5595,168,-592,16944,0.11,-0.31,10.05,66,19,34,0.01,0.01,-0.04,126,216,222,0,object_fall,
6295,180,-572,16924,0.09,-0.33,10.1,67,20,31,0.01,0.13,0.2,126,211,221,0,object_fall,
6995,128,-568,16908,0.1,-0.32,10.09,69,17,31,0.14,-0.05,0.2,129,211,221,0,object_fall,
7695,108,-564,16880,0.08,-0.35,10.08,66,20,31,0.2,0.07,0.14,126,209,220,0,object_fall,
8395,108,-540,16868,0.11,-0.3,10.02,68,20,29,-0.05,0.07,-0.1,129,208,219,0,object_fall,
9095,76,-540,16792,0.06,-0.33,10.01,65,20,31,0.01,-0.11,0.02,128,209,219,0,object_fall,
9794,64,-476,16712,0.09,-0.36,10.07,63,18,35,-0.05,-0.05,-0.04,124,205,218,0,object_fall,
10495,140,-532,16976,0.05,-0.3,10.09,67,16,30,0.01,-0.05,0.08,130,204,216,0,object_fall,